Effective date ,S&P 500 Energy (Sector) (TR),S&P 500 Energy (Sector) (Net TR),S&P 500 Energy (Sector)
4/30/2008,847.73,385.17,618.24
5/1/2008,829.39,376.83,604.84
5/2/2008,839.28,381.33,612.05
5/5/2008,847.43,385.03,617.99
5/6/2008,865.69,393.32,631.3
5/7/2008,853.78,387.91,622.6
5/8/2008,870.35,395.44,634.68
5/9/2008,864.98,392.85,629.99
5/12/2008,863.5,392.18,628.91
5/13/2008,873.43,396.69,636.14
5/14/2008,865.55,393.1,630.33
5/15/2008,880.69,399.88,640.87
5/16/2008,902.99,410.01,657.09
5/19/2008,912.1,414.13,663.66
5/20/2008,919.18,417.35,668.81
5/21/2008,908.23,412.38,660.85
5/22/2008,898.92,408.1,653.8
5/23/2008,881.93,400.38,641.42
5/27/2008,875.86,397.63,637
5/28/2008,889.15,403.66,646.66
5/29/2008,871.22,395.51,633.59
5/30/2008,876.99,398.13,637.78
6/2/2008,877.53,398.36,638.09
6/3/2008,861.76,391.2,626.62
6/4/2008,851.15,386.38,618.9
6/5/2008,888.54,403.36,646.08
6/6/2008,874.64,397.03,635.88
6/9/2008,897.92,407.59,652.79
6/10/2008,878.08,398.58,638.36
6/11/2008,884.85,401.65,643.26
6/12/2008,869.04,394.47,631.72
6/13/2008,878.57,398.79,638.64
6/16/2008,880.73,399.78,640.22
6/17/2008,895.66,406.55,651.07
6/18/2008,894.69,406.11,650.36
6/19/2008,875.85,397.56,636.67
6/20/2008,869.36,394.61,631.95
6/23/2008,901.74,409.31,655.49
6/24/2008,888,403.07,645.5
6/25/2008,883.69,401.12,642.37
6/26/2008,874.21,396.81,635.45
6/27/2008,881.58,400.16,640.8
6/30/2008,896.99,407.15,652
7/1/2008,902.6,409.69,656.08
7/2/2008,873.44,396.46,634.88
7/3/2008,869.37,394.61,631.93
7/7/2008,849.42,385.55,617.42
7/8/2008,836.29,379.6,607.88
7/9/2008,818.61,371.57,595.03
7/10/2008,840.55,381.53,610.97
7/11/2008,834.42,378.75,606.52
7/14/2008,840.75,381.62,611.12
7/15/2008,805.55,365.64,585.52
7/16/2008,788.86,358.07,573.4
7/17/2008,776.32,352.38,564.28
7/18/2008,788.11,357.72,572.83
7/21/2008,811.23,368.22,589.64
7/22/2008,793.44,360.14,576.7
7/23/2008,763.03,346.34,554.6
7/24/2008,758.61,344.33,551.39
7/25/2008,766.16,347.76,556.88
7/28/2008,762.66,346.17,554.33
7/29/2008,756.86,343.49,549.85
7/30/2008,799.19,362.7,580.6
7/31/2008,771.91,350.31,560.76
8/1/2008,769,348.99,558.64
8/4/2008,731.73,332.07,531.54
8/5/2008,739.42,335.56,537.12
8/6/2008,753.53,341.97,547.37
8/7/2008,742.53,336.97,539.36
8/8/2008,738.36,335.08,536.34
8/11/2008,736.48,334.08,534.2
8/12/2008,731.79,331.95,530.79
8/13/2008,756.45,343.13,548.63
8/14/2008,746.92,338.8,541.7
8/15/2008,734.42,333.04,532.15
8/18/2008,725.8,329.12,525.84
8/19/2008,746.34,338.43,540.72
8/20/2008,767.06,347.83,555.71
8/21/2008,784.72,355.83,568.51
8/22/2008,772.56,350.32,559.7
8/25/2008,760.92,345.04,551.27
8/26/2008,774.44,351.17,561.06
8/27/2008,783.82,355.43,567.85
8/28/2008,777.96,352.76,563.58
8/29/2008,767.72,348.1,556.07
9/2/2008,732.25,332.02,530.38
9/3/2008,729.75,330.89,528.55
9/4/2008,714.07,323.77,517.19
9/5/2008,710.87,322.32,514.88
9/8/2008,707.44,320.75,512.28
9/9/2008,662.1,300.19,479.45
9/10/2008,686.07,311.06,496.8
9/11/2008,696.21,315.65,504.14
9/12/2008,715.75,324.51,518.25
9/15/2008,666.59,302.21,482.65
9/16/2008,692.32,313.88,501.28
9/17/2008,675.49,306.25,489.1
9/18/2008,695.59,315.36,503.65
9/19/2008,741.55,336.2,536.93
9/22/2008,733.43,332.52,531.05
9/23/2008,712.44,323,515.85
9/24/2008,712.83,323.18,516.13
9/25/2008,729.9,330.92,528.49
9/26/2008,717.24,325.17,519.29
9/29/2008,638.84,289.63,462.52
9/30/2008,675.9,306.43,489.35
10/1/2008,664.52,301.27,481.11
10/2/2008,625.17,283.43,452.62
10/3/2008,624.01,282.91,451.78
10/6/2008,601.6,272.74,435.56
10/7/2008,569.37,258.13,412.22
10/8/2008,574.35,260.39,415.82
10/9/2008,508.78,230.66,368.35
10/10/2008,467.79,212.08,338.68
10/13/2008,554.26,251.28,401.28
10/14/2008,553.64,251,400.83
10/15/2008,467.65,212.01,338.56
10/16/2008,504.1,228.54,364.95
10/17/2008,501.86,227.53,363.33
10/20/2008,557.85,252.91,403.85
10/21/2008,533.9,242.05,386.51
10/22/2008,478.53,216.94,346.43
10/23/2008,510.02,231.22,369.22
10/24/2008,490.4,222.32,355.02
10/27/2008,462.57,209.71,334.87
10/28/2008,517.79,234.74,374.85
10/29/2008,529.87,240.17,383.34
10/30/2008,551.32,249.89,398.83
10/31/2008,554.61,251.38,401.21
11/3/2008,543.36,246.28,393.06
11/4/2008,578.11,262.03,418.19
11/5/2008,551.67,250.04,399.07
11/6/2008,518.12,234.84,374.79
11/7/2008,544.26,246.54,392.91
11/10/2008,547.05,247.8,394.93
11/11/2008,529.94,240.05,382.57
11/12/2008,491.63,222.68,354.84
11/13/2008,546.19,247.39,394.22
11/14/2008,525.28,237.83,378.65
11/17/2008,517.23,234.17,372.78
11/18/2008,534.48,241.99,385.22
11/19/2008,506.84,229.47,365.3
11/20/2008,450.29,203.87,324.54
11/21/2008,502.78,227.63,362.37
11/24/2008,533.44,241.52,384.47
11/25/2008,536.87,243.07,386.94
11/26/2008,567.53,256.95,409.03
11/28/2008,558.89,253.04,402.8
12/1/2008,501.63,227.09,361.42
12/2/2008,520.36,235.57,374.91
12/3/2008,521.94,236.28,376.04
12/4/2008,489.78,221.72,352.87
12/5/2008,496.16,224.61,357.46
12/8/2008,524.43,237.39,377.73
12/9/2008,521.56,236.09,375.65
12/10/2008,546.17,247.22,393.34
12/11/2008,543.8,246.14,391.61
12/12/2008,538.79,243.88,388
12/15/2008,537.29,243.2,386.92
12/16/2008,556.31,251.81,400.61
12/17/2008,547.5,247.82,394.26
12/18/2008,516.3,233.7,371.8
12/19/2008,514.14,232.72,370.24
12/22/2008,502.19,227.31,361.63
12/23/2008,500.43,226.51,360.37
12/24/2008,501.89,227.17,361.42
12/26/2008,510.72,231.17,367.77
12/29/2008,520.43,235.56,374.74
12/30/2008,529.83,239.81,381.49
12/31/2008,536.57,242.86,386.35
1/2/2009,559.87,253.41,403.12
1/5/2009,567.49,256.86,408.61
1/6/2009,570.32,258.14,410.65
1/7/2009,548.4,248.22,394.86
1/8/2009,554.75,251.09,399.44
1/9/2009,537.81,243.42,387.24
1/12/2009,521.29,235.95,375.35
1/13/2009,532.5,241.02,383.42
1/14/2009,509.66,230.68,366.96
1/15/2009,515.24,233.21,370.98
1/16/2009,521.16,235.89,375.24
1/20/2009,497.51,225.17,358.19
1/21/2009,526.59,238.34,379.13
1/22/2009,514.21,232.74,370.22
1/23/2009,525.55,237.87,378.38
1/26/2009,533.39,241.42,384.02
1/27/2009,534.49,241.92,384.82
1/28/2009,546.74,247.46,393.63
1/29/2009,526.22,238.17,378.85
1/30/2009,519.68,235.21,374.14
2/2/2009,514.78,232.99,370.61
2/3/2009,524.41,237.35,377.54
2/4/2009,526.08,238.11,378.75
2/5/2009,540.09,244.44,388.8
2/6/2009,549.17,248.41,394.58
2/9/2009,549.88,248.72,395.06
2/10/2009,523.93,236.98,376.42
2/11/2009,517.34,233.99,371.62
2/12/2009,518.39,234.37,371.87
2/13/2009,517.83,234.09,371.31
2/17/2009,485.14,219.31,347.87
2/18/2009,484.26,218.91,347.24
2/19/2009,485.53,219.44,347.89
2/20/2009,473.6,214.05,339.35
2/23/2009,454.4,205.37,325.59
2/24/2009,475.71,215,340.86
2/25/2009,472.29,213.45,338.41
2/26/2009,471.27,212.99,337.67
2/27/2009,457.17,206.62,327.54
3/2/2009,427.84,193.36,306.53
3/3/2009,428.95,193.86,307.32
3/4/2009,446.68,201.87,320.01
3/5/2009,425.47,192.28,304.81
3/6/2009,431.93,195.19,309.35
3/9/2009,434.14,196.18,310.92
3/10/2009,456.81,206.43,327.15
3/11/2009,451.47,204.01,323.29
3/12/2009,464.36,209.82,332.48
3/13/2009,461.03,208.32,330.09
3/16/2009,464.75,210,332.76
3/17/2009,480.87,217.28,344.3
3/18/2009,484.94,219.12,347.21
3/19/2009,491.54,222.1,351.94
3/20/2009,473.62,214.01,339.11
3/23/2009,510.56,230.7,365.55
3/24/2009,499.51,225.7,357.64
3/25/2009,501.99,226.83,359.42
3/26/2009,506.57,228.9,362.7
3/27/2009,493.04,222.78,352.98
3/30/2009,476.82,215.44,341.35
3/31/2009,474.48,214.39,339.68
4/1/2009,483.86,218.63,346.4
4/2/2009,500.51,226.15,358.31
4/3/2009,507.73,229.41,363.48
4/6/2009,499.23,225.57,357.4
4/7/2009,485.53,219.38,347.59
4/8/2009,490.74,221.73,351.32
4/9/2009,501.75,226.71,359.2
4/13/2009,495.39,223.83,354.65
4/14/2009,492.46,222.51,352.53
4/15/2009,493.81,223.12,353.5
4/16/2009,494.7,223.52,354.14
4/17/2009,497.39,224.74,356.07
4/20/2009,475.66,214.92,340.49
4/21/2009,485.84,219.52,347.78
4/22/2009,479.03,216.44,342.9
4/23/2009,487.73,220.37,349.13
4/24/2009,500.63,226.2,358.37
4/27/2009,491.68,222.15,351.96
4/28/2009,494.26,223.32,353.8
4/29/2009,508.01,229.52,363.59
4/30/2009,497.46,224.75,356.03
5/1/2009,512.63,231.6,366.87
5/4/2009,527.71,238.42,377.66
5/5/2009,520.76,235.27,372.69
5/6/2009,539.56,243.77,386.14
5/7/2009,534.07,241.28,382.19
5/8/2009,556.22,251.29,398.04
5/11/2009,539.74,243.7,385.47
5/12/2009,545.73,246.41,389.75
5/13/2009,529.78,239.19,378.27
5/14/2009,531.38,239.91,379.42
5/15/2009,520.22,234.78,370.96
5/18/2009,536.38,242.06,382.42
5/19/2009,538.26,242.91,383.76
5/20/2009,538.31,242.93,383.8
5/21/2009,523.34,236.13,372.87
5/22/2009,524.54,236.66,373.69
5/26/2009,535.6,241.65,381.57
5/27/2009,528.44,238.42,376.47
5/28/2009,544.35,245.59,387.77
5/29/2009,550.58,248.4,392.21
6/1/2009,572.21,258.14,407.52
6/2/2009,572.45,258.25,407.69
6/3/2009,553.35,249.63,394.07
6/4/2009,564.46,254.64,401.98
6/5/2009,560.69,252.94,399.3
6/8/2009,560.86,253,399.3
6/9/2009,565.61,255.14,402.69
6/10/2009,569.71,256.99,405.58
6/11/2009,579.83,261.54,412.75
6/12/2009,574.25,259.02,408.76
6/15/2009,561.02,253.05,399.34
6/16/2009,549.97,248.07,391.47
6/17/2009,542.29,244.61,386.01
6/18/2009,541.4,244.2,385.37
6/19/2009,536.74,242.11,382.06
6/22/2009,512.02,230.95,364.46
6/23/2009,515.9,232.7,367.22
6/24/2009,516.03,232.76,367.32
6/25/2009,527.51,237.94,375.49
6/26/2009,522.33,235.6,371.78
6/29/2009,529.31,238.74,376.73
6/30/2009,525.25,236.91,373.84
7/1/2009,526.42,237.44,374.67
7/2/2009,507.57,228.94,361.26
7/6/2009,501.71,226.29,357.08
7/7/2009,489.38,220.73,348.31
7/8/2009,488.78,220.47,347.88
7/9/2009,494.04,222.84,351.63
7/10/2009,488.44,220.31,347.64
7/13/2009,496.29,223.85,353.23
7/14/2009,502.42,226.62,357.59
7/15/2009,519.96,234.53,370.06
7/16/2009,525.06,236.82,373.69
7/17/2009,527.02,237.71,375.08
7/20/2009,535.67,241.61,381.22
7/21/2009,541.46,244.22,385.34
7/22/2009,535.91,241.72,381.39
7/23/2009,551.43,248.71,392.44
7/24/2009,556.7,251.09,396.19
7/27/2009,558.48,251.89,397.45
7/28/2009,549.84,248,391.31
7/29/2009,538.85,242.99,383.22
7/30/2009,544.77,245.65,387.36
7/31/2009,548.37,247.27,389.92
8/3/2009,560.82,252.89,398.78
8/4/2009,559.65,252.36,397.94
8/5/2009,553.84,249.73,393.8
8/6/2009,549.63,247.83,390.8
8/7/2009,549.24,247.66,390.51
8/10/2009,550.67,248.29,391.49
8/11/2009,542.53,244.48,384.94
8/12/2009,549.53,247.62,389.84
8/13/2009,553.57,249.44,392.69
8/14/2009,545.95,246,387.28
8/17/2009,529.85,238.64,375.29
8/18/2009,534.55,240.76,378.62
8/19/2009,544.71,245.33,385.82
8/20/2009,549.55,247.51,389.24
8/21/2009,564.28,254.15,399.68
8/24/2009,571.66,257.47,404.91
8/25/2009,563.91,253.98,399.42
8/26/2009,566.96,255.35,401.55
8/27/2009,564.83,254.39,400.05
8/28/2009,562.8,253.48,398.61
8/31/2009,552.68,248.89,391.31
9/1/2009,543.95,244.96,385.13
9/2/2009,541.29,243.76,383.23
9/3/2009,543.51,244.76,384.81
9/4/2009,551.78,248.49,390.64
9/8/2009,566.14,254.93,400.71
9/9/2009,566.83,255.24,401.19
9/10/2009,575.31,259.06,407.19
9/11/2009,575.55,259.16,407.32
9/14/2009,578.66,260.56,409.52
9/15/2009,582.77,262.41,412.43
9/16/2009,595.9,268.32,421.72
9/17/2009,592.2,266.65,419.09
9/18/2009,591.92,266.53,418.9
9/21/2009,586.57,264.12,415.11
9/22/2009,594.7,267.78,420.86
9/23/2009,583.36,262.68,412.84
9/24/2009,575.56,259.16,407.32
9/25/2009,574.98,258.9,406.91
9/28/2009,584.79,263.31,413.82
9/29/2009,581.5,261.83,411.47
9/30/2009,578.44,260.45,409.31
10/1/2009,562.41,253.23,397.97
10/2/2009,558.66,251.54,395.32
10/5/2009,570.98,257.09,404.04
10/6/2009,583.16,262.58,412.65
10/7/2009,586.77,264.2,415.21
10/8/2009,600.05,270.18,424.61
10/9/2009,600.81,270.52,425.14
10/12/2009,608.23,273.86,430.39
10/13/2009,608.38,273.93,430.5
10/14/2009,619.49,278.93,438.34
10/15/2009,631.63,284.4,446.93
10/16/2009,631.33,284.26,446.72
10/19/2009,639.11,287.76,452.23
10/20/2009,633.68,285.32,448.37
10/21/2009,632.23,284.66,447.34
10/22/2009,637.05,286.83,450.75
10/23/2009,624.24,281.07,441.69
10/26/2009,615.11,276.96,435.23
10/27/2009,621.64,279.9,439.85
10/28/2009,604.09,271.94,427.15
10/29/2009,618.81,278.55,437.49
10/30/2009,597.21,268.83,422.22
11/2/2009,599.99,270.08,424.18
11/3/2009,606.6,273.05,428.84
11/4/2009,605.81,272.7,428.29
11/5/2009,615.58,277.09,435.18
11/6/2009,614.35,276.53,434.26
11/9/2009,624.88,281.13,440.95
11/10/2009,625.23,281.27,441.12
11/11/2009,625.56,281.42,441.36
11/12/2009,612.81,275.68,432.36
11/13/2009,616.98,277.56,435.31
11/16/2009,632.91,284.62,445.97
11/17/2009,632.68,284.51,445.81
11/18/2009,630.96,283.74,444.59
11/19/2009,617.91,277.87,435.4
11/20/2009,612.44,275.41,431.55
11/23/2009,622.17,279.78,438.4
11/24/2009,624.82,280.98,440.27
11/25/2009,630.93,283.73,444.57
11/27/2009,615.7,276.88,433.84
11/30/2009,616.44,277.19,434.25
12/1/2009,625.37,281.2,440.51
12/2/2009,620.64,279.07,437.18
12/3/2009,611.77,275.08,430.92
12/4/2009,606.86,272.88,427.47
12/7/2009,605.03,272.05,426.16
12/8/2009,594.65,267.36,418.75
12/9/2009,595.47,267.72,419.29
12/10/2009,600.69,270.07,422.97
12/11/2009,601.28,270.33,423.35
12/14/2009,602.31,270.79,424.07
12/15/2009,602.82,271.02,424.43
12/16/2009,605.66,272.3,426.43
12/17/2009,601.42,270.39,423.43
12/18/2009,603.07,271.13,424.6
12/21/2009,609.53,274.04,429.14
12/22/2009,612.25,275.26,431.06
12/23/2009,615.16,276.57,433.11
12/24/2009,618.13,277.9,435.2
12/28/2009,619.88,278.69,436.43
12/29/2009,615.73,276.82,433.48
12/30/2009,616.03,276.95,433.67
12/31/2009,610.74,274.57,429.95
1/4/2010,627.98,282.32,442.08
1/5/2010,632.97,284.56,445.6
1/6/2010,639.51,287.5,450.2
1/7/2010,638.08,286.86,449.2
1/8/2010,641.31,288.31,451.47
1/11/2010,642.04,288.64,451.99
1/12/2010,633.16,284.65,445.74
1/13/2010,635.68,285.78,447.49
1/14/2010,636.76,286.27,448.26
1/15/2010,631.83,284.05,444.78
1/19/2010,637.22,286.47,448.58
1/20/2010,626.19,281.51,440.79
1/21/2010,613.7,275.89,432
1/22/2010,600.28,269.86,422.56
1/25/2010,603.99,271.53,425.17
1/26/2010,601.08,270.22,423.12
1/27/2010,597.6,268.66,420.67
1/28/2010,591.58,265.95,416.41
1/29/2010,583.27,262.21,410.57
2/1/2010,600.48,269.95,422.67
2/2/2010,608.97,273.76,428.65
2/3/2010,604.36,271.69,425.41
2/4/2010,580.82,261.11,408.83
2/5/2010,580.15,260.8,408.35
2/8/2010,575.98,258.78,404.65
2/9/2010,587.48,263.95,412.73
2/10/2010,584.57,262.62,410.57
2/11/2010,593.83,266.78,417.06
2/12/2010,591.51,265.61,414.74
2/16/2010,607.25,272.67,425.77
2/17/2010,605.14,271.73,424.3
2/18/2010,608.59,273.22,426.43
2/19/2010,609.58,273.66,427.13
2/22/2010,601.56,270.06,421.51
2/23/2010,592.52,266,415.17
2/24/2010,597.09,268.06,418.37
2/25/2010,596.01,267.57,417.62
2/26/2010,596.98,268,418.27
3/1/2010,602.67,270.56,422.25
3/2/2010,607.42,272.69,425.58
3/3/2010,608.57,273.21,426.39
3/4/2010,606.27,272.17,424.77
3/5/2010,617.24,277.1,432.46
3/8/2010,616.42,276.71,431.77
3/9/2010,616.81,276.88,432.04
3/10/2010,620.78,278.65,434.77
3/11/2010,620.74,278.63,434.7
3/12/2010,620.34,278.45,434.42
3/15/2010,614.42,275.79,430.27
3/16/2010,619.68,278.15,433.96
3/17/2010,626.5,281.21,438.74
3/18/2010,619.22,277.94,433.63
3/19/2010,613.38,275.32,429.54
3/22/2010,611.45,274.46,428.2
3/23/2010,613.48,275.37,429.62
3/24/2010,609.44,273.56,426.79
3/25/2010,600.4,269.5,420.45
3/26/2010,601.49,269.99,421.22
3/29/2010,612.1,274.74,428.62
3/30/2010,612.14,274.76,428.63
3/31/2010,614.54,275.83,430.31
4/1/2010,624.58,280.34,437.34
4/5/2010,634.85,284.95,444.53
4/6/2010,634.94,284.99,444.59
4/7/2010,628.59,282.14,440.15
4/8/2010,632.39,283.85,442.81
4/9/2010,639.4,286.99,447.72
4/12/2010,641.31,287.85,449.05
4/13/2010,638.33,286.51,446.97
4/14/2010,644.37,289.22,451.18
4/15/2010,644.3,289.19,451.14
4/16/2010,634.46,284.77,444.25
4/19/2010,635.6,285.29,445.05
4/20/2010,647.81,290.76,453.57
4/21/2010,646.74,290.28,452.82
4/22/2010,646.29,290.08,452.51
4/23/2010,661.12,296.73,462.89
4/26/2010,659.69,296.09,461.89
4/27/2010,641.34,287.86,449.04
4/28/2010,648.25,290.96,453.88
4/29/2010,649.02,291.3,454.39
4/30/2010,641.86,288.08,449.37
5/3/2010,647.93,290.81,453.62
5/4/2010,631.07,283.24,441.82
5/5/2010,621.76,279.06,435.3
5/6/2010,600.63,269.57,420.46
5/7/2010,591.47,265.46,414.04
5/10/2010,614.84,275.95,430.41
5/11/2010,611.1,274.12,427.01
5/12/2010,618.97,277.63,432.43
5/13/2010,614.19,275.49,429.09
5/14/2010,602.11,270.07,420.64
5/17/2010,597.28,267.78,416.64
5/18/2010,592.91,265.82,413.59
5/19/2010,587.01,263.18,409.48
5/20/2010,561.44,251.65,391.33
5/21/2010,571.05,255.96,398.03
5/24/2010,558.66,250.41,389.39
5/25/2010,558.3,250.25,389.15
5/26/2010,556.84,249.59,388.1
5/27/2010,580.25,260.08,404.39
5/28/2010,568.79,254.92,396.31
6/1/2010,544.63,244.09,379.47
6/2/2010,567.95,254.54,395.72
6/3/2010,574.12,257.31,400.02
6/4/2010,554.31,248.43,386.22
6/7/2010,549.95,246.47,383.16
6/8/2010,560.46,251.16,390.36
6/9/2010,553.36,247.97,385.37
6/10/2010,580.53,260.14,404.29
6/11/2010,583.09,261.29,406.05
6/14/2010,580.17,259.97,403.99
6/15/2010,595.88,267.01,414.93
6/16/2010,595,266.62,414.32
6/17/2010,595.29,266.75,414.53
6/18/2010,598.98,268.4,417.09
6/21/2010,597.57,267.77,416.11
6/22/2010,581.42,260.53,404.86
6/23/2010,575.81,258.02,400.96
6/24/2010,563.96,252.71,392.71
6/25/2010,563.66,252.57,392.5
6/28/2010,556.43,249.34,387.47
6/29/2010,539.48,241.74,375.65
6/30/2010,536.2,240.27,373.36
7/1/2010,533.99,239.28,371.82
7/2/2010,532.93,238.8,371.08
7/6/2010,538.59,241.34,375.03
7/7/2010,556.01,249.14,387.15
7/8/2010,563.28,252.4,392.22
7/9/2010,565.75,253.51,393.94
7/12/2010,564.98,253.16,393.4
7/13/2010,571.8,256.22,398.15
7/14/2010,570.35,255.57,397.13
7/15/2010,570.56,255.66,397.27
7/16/2010,555.47,248.9,386.77
7/19/2010,560.88,251.32,390.53
7/20/2010,571.6,256.12,397.97
7/21/2010,563.87,252.66,392.6
7/22/2010,576.25,258.21,401.21
7/23/2010,577.81,258.91,402.3
7/26/2010,583.94,261.65,406.57
7/27/2010,581.79,260.69,405.07
7/28/2010,580.98,260.33,404.51
7/29/2010,580.99,260.26,404.16
7/30/2010,579.51,259.6,403.14
8/2/2010,600.14,268.84,417.48
8/3/2010,601.29,269.36,418.28
8/4/2010,604.41,270.75,420.44
8/5/2010,604.95,271,420.81
8/6/2010,597.96,267.86,415.95
8/9/2010,601.38,269.39,418.33
8/10/2010,596.62,267.26,415.02
8/11/2010,580.37,259.81,402.8
8/12/2010,577.54,258.54,400.82
8/13/2010,575.58,257.66,399.46
8/16/2010,576.1,257.88,399.74
8/17/2010,585.3,261.89,405.59
8/18/2010,579.02,259.08,401.23
8/19/2010,570.32,255.19,395.2
8/20/2010,563.41,252.09,390.41
8/23/2010,564.53,252.6,391.19
8/24/2010,556.42,248.97,385.57
8/25/2010,555,248.33,384.56
8/26/2010,549.29,245.77,380.6
8/27/2010,564.37,252.52,391.05
8/30/2010,555.84,248.68,385.01
8/31/2010,554.6,248.12,384.14
9/1/2010,574.79,257.15,398.13
9/2/2010,579.81,259.4,401.61
9/3/2010,585.35,261.88,405.43
9/7/2010,576.1,257.74,399.02
9/8/2010,581.18,259.98,402.41
9/9/2010,582.42,260.54,403.26
9/10/2010,588.05,263.06,407.17
9/13/2010,591.39,264.54,409.45
9/14/2010,589.82,263.84,408.36
9/15/2010,588.72,263.35,407.6
9/16/2010,586.56,262.38,406.09
9/17/2010,583.9,261.19,404.25
9/20/2010,594.08,265.75,411.3
9/21/2010,593.49,265.48,410.89
9/22/2010,590.49,264.14,408.81
9/23/2010,585.93,262.1,405.65
9/24/2010,598.73,267.83,414.52
9/27/2010,596.12,266.66,412.71
9/28/2010,600.73,268.72,415.9
9/29/2010,605.04,270.64,418.86
9/30/2010,605.63,270.91,419.27
10/1/2010,613.55,274.45,424.76
10/4/2010,606.85,271.45,420.12
10/5/2010,620.94,277.76,429.87
10/6/2010,625.91,279.98,433.31
10/7/2010,623.58,278.94,431.7
10/8/2010,630.68,282.11,436.62
10/11/2010,631.65,282.55,437.29
10/12/2010,630.92,282.22,436.78
10/13/2010,637.79,285.29,441.52
10/14/2010,637.43,285.13,441.28
10/15/2010,639.16,285.9,442.47
10/18/2010,644.33,288.22,446.05
10/19/2010,628.95,281.34,435.4
10/20/2010,637.74,285.27,441.47
10/21/2010,636.86,284.87,440.86
10/22/2010,641.49,286.95,444.07
10/25/2010,642.11,287.22,444.49
10/26/2010,643.78,287.97,445.65
10/27/2010,640.33,286.37,442.96
10/28/2010,640.23,286.31,442.84
10/29/2010,639.86,286.15,442.59
11/1/2010,641.72,286.98,443.87
11/2/2010,648.85,290.17,448.8
11/3/2010,650.14,290.74,449.68
11/4/2010,669.34,299.33,462.95
11/5/2010,672.49,300.73,465.12
11/8/2010,674.76,301.75,466.69
11/9/2010,673.99,301.22,465.24
11/10/2010,682.83,305.18,471.34
11/11/2010,689.66,308.23,476.06
11/12/2010,680.25,304.02,469.56
11/15/2010,677.21,302.65,467.38
11/16/2010,663.84,296.57,457.61
11/17/2010,666.47,297.74,459.43
11/18/2010,680.78,304.13,469.29
11/19/2010,685.08,306.05,472.25
11/22/2010,682.43,304.87,470.43
11/23/2010,669.55,299.12,461.55
11/24/2010,681.23,304.34,469.6
11/26/2010,673.4,300.84,464.2
11/29/2010,677.02,302.44,466.6
11/30/2010,675.01,301.54,465.21
12/1/2010,694.73,310.34,478.75
12/2/2010,703.91,314.44,485.07
12/3/2010,707.06,315.84,487.24
12/6/2010,708.95,316.68,488.53
12/7/2010,707.19,315.9,487.32
12/8/2010,705.14,314.96,485.77
12/9/2010,707.22,315.89,487.2
12/10/2010,709.75,317.01,488.94
12/13/2010,715.39,319.53,492.8
12/14/2010,713.15,318.53,491.25
12/15/2010,708.44,316.42,488.01
12/16/2010,713.46,318.66,491.46
12/17/2010,712.43,318.21,490.75
12/20/2010,717.48,320.46,494.22
12/21/2010,723.72,323.25,498.52
12/22/2010,726.62,324.54,500.52
12/23/2010,728.73,325.49,501.98
12/27/2010,726.09,324.31,500.16
12/28/2010,729.29,325.73,502.36
12/29/2010,735.13,328.34,506.38
12/30/2010,736,328.73,506.96
12/31/2010,735.69,328.59,506.75
1/3/2011,742.65,331.7,511.54
1/4/2011,738.1,329.66,508.41
1/5/2011,739.65,330.36,509.48
1/6/2011,734.32,327.98,505.8
1/7/2011,739.11,330.12,509.1
1/10/2011,736.1,328.77,507.03
1/11/2011,747.63,333.92,514.98
1/12/2011,756.61,337.93,521.14
1/13/2011,755.06,337.24,520.08
1/14/2011,763.77,341.13,526.08
1/18/2011,769.01,343.47,529.68
1/19/2011,761.21,339.98,524.29
1/20/2011,755.9,337.61,520.64
1/21/2011,761.11,339.94,524.23
1/24/2011,762.83,340.7,525.41
1/25/2011,760.69,339.75,523.93
1/26/2011,777.25,347.15,535.34
1/27/2011,773.77,345.59,532.94
1/28/2011,769.95,343.88,530.31
1/31/2011,789.59,352.66,543.84
2/1/2011,804.53,359.33,554.13
2/2/2011,804.25,359.2,553.92
2/3/2011,804.7,359.39,554.2
2/4/2011,802.25,358.3,552.51
2/7/2011,806.91,360.38,555.71
2/8/2011,803.75,358.81,552.71
2/9/2011,794.47,354.65,546.25
2/10/2011,801.8,357.92,551.28
2/11/2011,801.54,357.8,551.07
2/14/2011,819.52,365.68,562.7
2/15/2011,810.29,361.57,556.37
2/16/2011,820.51,366.12,563.38
2/17/2011,827.75,369.29,568
2/18/2011,832.54,371.42,571.28
2/22/2011,827.04,368.97,567.51
2/23/2011,843.12,376.14,578.55
2/24/2011,831.33,370.88,570.46
2/25/2011,841.41,375.38,577.37
2/28/2011,846.26,377.54,580.67
3/1/2011,833.32,371.77,571.79
3/2/2011,837.49,373.62,574.65
3/3/2011,850.41,379.39,583.52
3/4/2011,844.97,376.96,579.78
3/7/2011,838.82,374.21,575.54
3/8/2011,833.71,371.91,571.9
3/9/2011,828.53,369.59,568.3
3/10/2011,798.41,356.15,547.64
3/11/2011,811.47,361.97,556.57
3/14/2011,814.86,363.48,558.89
3/15/2011,808.26,360.54,554.36
3/16/2011,793.46,353.94,544.21
3/17/2011,817.68,364.74,560.82
3/18/2011,814.49,363.32,558.63
3/21/2011,838.17,373.88,574.87
3/22/2011,835.88,372.86,573.3
3/23/2011,837.82,373.72,574.63
3/24/2011,839.97,374.68,576.11
3/25/2011,847.72,378.14,581.42
3/28/2011,846.64,377.66,580.69
3/29/2011,855.38,381.56,586.67
3/30/2011,862.21,384.6,591.34
3/31/2011,859.25,383.28,589.31
4/1/2011,862.67,384.81,591.66
4/4/2011,862.52,384.74,591.55
4/5/2011,865.46,386.05,593.57
4/6/2011,857.29,382.41,587.97
4/7/2011,858.99,383.16,589.13
4/8/2011,861.97,384.49,591.18
4/11/2011,846.07,377.4,580.27
4/12/2011,820.78,366.12,562.93
4/13/2011,823.05,367.13,564.47
4/14/2011,828.02,369.35,567.88
4/15/2011,835.58,372.72,573.06
4/18/2011,822.88,367.05,564.35
4/19/2011,831.87,371.06,570.5
4/20/2011,850.08,379.18,582.98
4/21/2011,855.55,381.62,586.74
4/25/2011,850.67,379.44,583.39
4/26/2011,860.47,383.82,590.11
4/27/2011,860.37,383.77,590.04
4/28/2011,859.03,383.17,589.1
4/29/2011,872.03,388.97,598.02
5/2/2011,860.64,383.89,590.2
5/3/2011,840.37,374.85,576.31
5/4/2011,827.17,368.96,567.25
5/5/2011,808.55,360.65,554.44
5/6/2011,811.5,361.96,556.46
5/9/2011,824.55,367.78,565.4
5/10/2011,828.42,369.51,568.06
5/11/2011,805.42,359.06,551.34
5/12/2011,804.91,358.83,550.99
5/13/2011,801.49,357.31,548.64
5/16/2011,795.17,354.48,544.23
5/17/2011,794.76,354.18,543.36
5/18/2011,810.44,361.16,554.08
5/19/2011,811.95,361.77,554.77
5/20/2011,809.83,360.83,553.32
5/23/2011,797.86,355.49,545.14
5/24/2011,808.55,360.26,552.44
5/25/2011,820.3,365.49,560.47
5/26/2011,824.66,367.44,563.45
5/27/2011,826.57,368.26,564.6
5/31/2011,835.17,372.08,570.47
6/1/2011,815.9,363.5,557.31
6/2/2011,814.45,362.85,556.32
6/3/2011,814.71,362.97,556.49
6/6/2011,798.23,355.62,545.22
6/7/2011,797.23,355.18,544.54
6/8/2011,800.88,356.77,546.84
6/9/2011,810.79,361.18,553.6
6/10/2011,795.55,354.39,543.2
6/13/2011,784.73,349.57,535.78
6/14/2011,800.34,356.52,546.43
6/15/2011,782.49,348.57,534.24
6/16/2011,784.54,349.48,535.64
6/17/2011,782.5,348.57,534.25
6/20/2011,785.43,349.87,536.24
6/21/2011,799.76,356.26,546.03
6/22/2011,796.32,354.73,543.68
6/23/2011,787.12,350.63,537.4
6/24/2011,771.96,343.88,527.05
6/27/2011,777.45,346.32,530.8
6/28/2011,798.44,355.67,545.13
6/29/2011,807.28,359.61,551.14
6/30/2011,819.47,365.03,559.46
7/1/2011,827.38,368.56,564.86
7/5/2011,831.13,370.23,567.43
7/6/2011,829.66,369.57,566.42
7/7/2011,840.92,374.59,574.11
7/8/2011,835.11,372,570.15
7/11/2011,818.06,364.41,558.5
7/12/2011,815.51,363.27,556.77
7/13/2011,821.13,365.77,560.58
7/14/2011,817.05,363.95,557.8
7/15/2011,836.15,372.46,570.84
7/18/2011,832.44,370.81,568.3
7/19/2011,846.46,377.05,577.87
7/20/2011,843.72,375.83,575.99
7/21/2011,860.86,383.4,587.34
7/22/2011,864.89,385.19,590.09
7/25/2011,860.75,383.35,587.27
7/26/2011,856.38,381.41,584.29
7/27/2011,840.75,374.44,573.62
7/28/2011,834.88,371.82,569.6
7/29/2011,825.25,367.53,563.02
8/1/2011,824.54,367.22,562.54
8/2/2011,802.49,357.4,547.49
8/3/2011,797.98,355.38,544.4
8/4/2011,743.88,331.28,507.44
8/5/2011,742.97,330.87,506.81
8/8/2011,681.5,303.5,464.88
8/9/2011,713.05,317.55,486.39
8/10/2011,687.43,305.96,468
8/11/2011,723.01,321.79,492.2
8/12/2011,727.9,323.97,495.53
8/15/2011,752.7,334.99,512.34
8/16/2011,739.93,329.31,503.65
8/17/2011,744.17,331.08,505.96
8/18/2011,701.9,312.27,477.22
8/19/2011,690.3,307.12,469.33
8/22/2011,686.51,305.43,466.75
8/23/2011,717.95,319.41,488.13
8/24/2011,721.11,320.82,490.24
8/25/2011,704.99,313.64,479.27
8/26/2011,717.27,319.1,487.62
8/29/2011,737.78,328.23,501.57
8/30/2011,740.43,329.38,503.21
8/31/2011,745.29,331.54,506.52
9/1/2011,738.83,328.67,502.12
9/2/2011,720.11,320.34,489.4
9/6/2011,711.93,316.7,483.84
9/7/2011,738.14,328.33,501.5
9/8/2011,729.14,324.32,495.38
9/9/2011,705.43,313.78,479.28
9/12/2011,709.2,315.45,481.82
9/13/2011,711,316.25,483.01
9/14/2011,720.12,320.31,489.21
9/15/2011,734.55,326.72,499
9/16/2011,733.97,326.46,498.61
9/19/2011,723.25,321.69,491.32
9/20/2011,718.78,319.7,488.29
9/21/2011,690.18,306.98,468.86
9/22/2011,653.61,290.72,444.02
9/23/2011,648.53,288.46,440.57
9/26/2011,671.61,298.72,456.24
9/27/2011,681.73,303.23,463.12
9/28/2011,661.23,294.11,449.2
9/29/2011,670.51,298.23,455.47
9/30/2011,651.83,289.92,442.79
10/3/2011,630.43,280.4,428.25
10/4/2011,650.31,289.25,441.75
10/5/2011,672.02,298.9,456.5
10/6/2011,682.71,303.66,463.77
10/7/2011,674.37,299.95,458.1
10/10/2011,704.46,313.33,478.54
10/11/2011,704.8,313.48,478.77
10/12/2011,710.23,315.9,482.46
10/13/2011,708.55,315.08,480.97
10/14/2011,733.89,326.35,498.17
10/17/2011,721.48,320.83,489.74
10/18/2011,743.22,330.5,504.5
10/19/2011,736.4,327.46,499.85
10/20/2011,741.29,329.64,503.17
10/21/2011,754.84,335.66,512.36
10/24/2011,763.51,339.52,518.25
10/25/2011,748.21,332.71,507.86
10/26/2011,765.01,340.19,519.27
10/27/2011,794.55,353.32,539.32
10/28/2011,798.31,354.99,541.85
10/31/2011,762.96,339.27,517.85
11/1/2011,739.23,328.71,501.74
11/2/2011,760.34,338.1,516.05
11/3/2011,779.35,346.54,528.9
11/4/2011,778.24,346.05,528.15
11/7/2011,783.84,348.54,531.96
11/8/2011,795.84,353.69,539.15
11/9/2011,761.96,338.63,516.19
11/10/2011,775.33,344.57,525.25
11/11/2011,789.56,350.9,534.89
11/14/2011,780.13,346.68,528.4
11/15/2011,778.95,346.16,527.6
11/16/2011,767.96,341.16,519.55
11/17/2011,751.67,333.92,508.53
11/18/2011,748.06,332.32,506.09
11/21/2011,735.45,326.72,497.56
11/22/2011,728.42,323.6,492.81
11/23/2011,707.31,314.21,478.52
11/25/2011,701.38,311.58,474.51
11/28/2011,726.47,322.73,491.48
11/29/2011,737.75,327.72,498.99
11/30/2011,778.36,345.74,526.41
12/1/2011,772.97,343.35,522.76
12/2/2011,772.32,343.06,522.32
12/5/2011,781.42,347.1,528.47
12/6/2011,781.97,347.35,528.85
12/7/2011,776.6,344.92,525.03
12/8/2011,756.72,336.09,511.58
12/9/2011,773.48,343.54,522.91
12/12/2011,755.3,335.46,510.61
12/13/2011,751.45,333.74,507.98
12/14/2011,731.04,324.68,494.18
12/15/2011,729.32,323.92,493.02
12/16/2011,735.82,326.8,497.4
12/19/2011,723.69,321.41,489.2
12/20/2011,752.27,334.11,508.52
12/21/2011,761,337.98,514.42
12/22/2011,769.69,341.84,520.29
12/23/2011,775.87,344.59,524.47
12/27/2011,777.38,345.26,525.49
12/28/2011,762.78,338.77,515.62
12/29/2011,771.64,342.71,521.62
12/30/2011,770.45,342.18,520.81
1/3/2012,790.53,351.1,534.38
1/4/2012,791.68,351.61,535.16
1/5/2012,786.87,349.47,531.91
1/6/2012,782.62,347.59,529.04
1/9/2012,787.09,349.57,532.06
1/10/2012,792.76,352.09,535.89
1/11/2012,782.33,347.46,528.84
1/12/2012,775.76,344.53,524.36
1/13/2012,772.97,343.29,522.47
1/17/2012,778.64,345.81,526.3
1/18/2012,790.39,351.03,534.25
1/19/2012,793.65,352.47,536.43
1/20/2012,794.49,352.85,537
1/23/2012,799.73,355.17,540.54
1/24/2012,797.6,354.23,539.1
1/25/2012,806,357.96,544.78
1/26/2012,795.32,353.21,537.56
1/27/2012,792.03,351.75,535.34
1/30/2012,788.67,350.26,533.06
1/31/2012,781.97,347.28,528.53
2/1/2012,785.54,348.87,530.95
2/2/2012,789.39,350.57,533.51
2/3/2012,803.88,357,543.29
2/6/2012,812.82,360.98,549.34
2/7/2012,816.82,362.75,552.03
2/8/2012,813.7,361.19,549.01
2/9/2012,813.32,361.01,548.72
2/10/2012,804.84,357.24,542.98
2/13/2012,811.46,360.17,547.41
2/14/2012,813.24,360.95,548.53
2/15/2012,811.55,360.07,546.77
2/16/2012,822.07,364.68,553.53
2/17/2012,824.5,365.73,555.03
2/21/2012,831.32,368.75,559.62
2/22/2012,832.97,369.49,560.74
2/23/2012,837.06,371.3,563.49
2/24/2012,840.3,372.74,565.66
2/27/2012,837.8,371.63,563.98
2/28/2012,836.55,371.07,563.14
2/29/2012,827.97,367.27,557.36
3/1/2012,835.55,370.63,562.47
3/2/2012,826.23,366.49,556.19
3/5/2012,823.63,365.33,554.41
3/6/2012,810.2,359.38,545.37
3/7/2012,815.66,361.76,548.83
3/8/2012,819.72,363.56,551.56
3/9/2012,818.59,363.06,550.8
3/12/2012,816.21,362,549.18
3/13/2012,826.63,366.61,556.16
3/14/2012,818.4,362.96,550.59
3/15/2012,819.47,363.43,551.31
3/16/2012,828.95,367.64,557.69
3/19/2012,833.84,369.81,560.98
3/20/2012,821.94,364.53,552.97
3/21/2012,813.38,360.73,547.21
3/22/2012,796.48,353.23,535.84
3/23/2012,804.15,356.64,541.01
3/26/2012,811.5,359.9,545.95
3/27/2012,803.89,356.52,540.83
3/28/2012,794.02,352.14,534.19
3/29/2012,794.36,352.3,534.42
3/30/2012,800.33,354.94,538.43
4/2/2012,807.73,358.22,543.41
4/3/2012,799.78,354.7,538.06
4/4/2012,790.06,350.39,531.52
4/5/2012,785.89,348.54,528.72
4/9/2012,775.89,344.1,521.99
4/10/2012,760.88,337.45,511.89
4/11/2012,761.04,337.52,512
4/12/2012,776.91,344.55,522.64
4/13/2012,764.66,339.11,514.39
4/16/2012,762.65,338.22,513.04
4/17/2012,776.02,344.16,522.04
4/18/2012,774.49,343.47,521.01
4/19/2012,772.33,342.51,519.53
4/20/2012,771.63,342.2,519.06
4/23/2012,770.79,341.83,518.5
4/24/2012,776.48,344.35,522.32
4/25/2012,783.26,347.36,526.88
4/26/2012,789.03,349.92,530.77
4/27/2012,788.66,349.75,530.49
4/30/2012,792.61,351.5,533.15
5/1/2012,803.8,356.46,540.68
5/2/2012,790.91,350.75,532
5/3/2012,779.25,345.57,524.11
5/4/2012,762.37,338.08,512.76
5/7/2012,760.73,337.35,511.65
5/8/2012,757.93,336.11,509.77
5/9/2012,752.7,333.78,506.16
5/10/2012,756.99,335.48,508.03
5/11/2012,751.61,333.09,504.42
5/14/2012,740.1,327.97,496.59
5/15/2012,729.13,323.11,489.22
5/16/2012,726.74,321.92,486.95
5/17/2012,722.26,319.87,483.63
5/18/2012,717.24,317.65,480.27
5/21/2012,732.49,324.39,490.45
5/22/2012,730.13,323.35,488.87
5/23/2012,732.97,324.6,490.77
5/24/2012,732.53,324.41,490.48
5/25/2012,730.18,323.37,488.9
5/29/2012,739.86,327.65,495.38
5/30/2012,718.07,317.98,480.65
5/31/2012,711.88,315.24,476.51
6/1/2012,696.84,308.58,466.44
6/4/2012,696.63,308.48,466.27
6/5/2012,700.84,310.34,469.09
6/6/2012,723.23,320.21,483.84
6/7/2012,724.54,320.79,484.71
6/8/2012,724.56,320.8,484.73
6/11/2012,716.12,317.06,479.07
6/12/2012,725.39,321.16,485.27
6/13/2012,717.54,317.67,479.96
6/14/2012,729.53,322.98,487.97
6/15/2012,742.59,328.76,496.71
6/18/2012,736.36,326.01,492.54
6/19/2012,746.8,330.63,499.52
6/20/2012,744.52,329.62,498
6/21/2012,714.8,316.46,478.12
6/22/2012,717.87,317.82,480.17
6/25/2012,704.35,311.84,471.13
6/26/2012,712.2,315.31,476.38
6/27/2012,725.6,321.24,485.34
6/28/2012,729.95,323.17,488.25
6/29/2012,752.4,333.11,503.27
7/2/2012,752.19,333.01,503.13
7/3/2012,768.5,340.24,514.04
7/5/2012,757.96,335.57,506.99
7/6/2012,749.79,331.95,501.52
7/9/2012,745.52,330.06,498.67
7/10/2012,735.21,325.5,491.77
7/11/2012,745.41,330.01,498.59
7/12/2012,742.3,328.63,496.49
7/13/2012,755.32,334.39,505.18
7/16/2012,757.55,335.38,506.67
7/17/2012,766.36,339.28,512.57
7/18/2012,772.71,342.09,516.82
7/19/2012,774.74,342.91,517.78
7/20/2012,775.23,343.13,518.11
7/23/2012,767.74,339.82,513.11
7/24/2012,757.02,335.07,505.94
7/25/2012,758.07,335.54,506.64
7/26/2012,778.32,344.5,520.18
7/27/2012,790.49,349.87,528.23
7/30/2012,792.5,350.76,529.55
7/31/2012,783.74,346.88,523.7
8/1/2012,787.53,348.55,526.23
8/2/2012,774.56,342.81,517.51
8/3/2012,792.83,350.89,529.72
8/6/2012,793.97,351.39,530.48
8/7/2012,804.48,356.05,537.5
8/8/2012,805.98,356.69,538.4
8/9/2012,810.4,358.45,540.36
8/10/2012,813.02,359.61,542.1
8/13/2012,808.99,357.82,539.38
8/14/2012,808.36,357.52,538.87
8/15/2012,807.02,356.79,537.29
8/16/2012,814.83,360.24,542.49
8/17/2012,813.08,359.47,541.32
8/20/2012,811.06,358.58,539.98
8/21/2012,808.11,357.27,538.01
8/22/2012,810.38,358.26,539.45
8/23/2012,802.4,354.73,534.14
8/24/2012,807.66,357.06,537.64
8/27/2012,806.7,356.64,537
8/28/2012,808.1,357.25,537.93
8/29/2012,803.64,355.25,534.82
8/30/2012,794.99,351.43,529.06
8/31/2012,801.77,354.42,533.54
9/4/2012,796.19,351.95,529.83
9/5/2012,793.83,350.91,528.26
9/6/2012,810.08,358.05,538.87
9/7/2012,823.28,363.89,547.66
9/10/2012,819.61,362.26,545.2
9/11/2012,827.08,365.57,550.17
9/12/2012,830.4,367.02,552.33
9/13/2012,845.78,373.82,562.54
9/14/2012,856.84,378.7,569.9
9/17/2012,850.14,375.74,565.44
9/18/2012,844.02,373.04,561.37
9/19/2012,836.13,369.55,556.12
9/20/2012,839.74,371.15,558.53
9/21/2012,841.31,371.84,559.57
9/24/2012,836.93,369.91,556.66
9/25/2012,829.46,366.6,551.69
9/26/2012,822.11,363.35,546.8
9/27/2012,832.83,368.09,553.93
9/28/2012,828.72,366.27,551.19
10/1/2012,833.2,368.26,554.18
10/2/2012,833.56,368.42,554.42
10/3/2012,824.28,364.31,548.24
10/4/2012,832.56,367.97,553.75
10/5/2012,831.32,367.43,552.93
10/8/2012,832.48,367.94,553.7
10/9/2012,832.55,367.97,553.75
10/10/2012,817.66,361.39,543.84
10/11/2012,823.1,363.72,547.08
10/12/2012,818.83,361.83,544.24
10/15/2012,823.08,363.7,547.04
10/16/2012,835.74,369.3,555.46
10/17/2012,845.62,373.66,562.02
10/18/2012,845.91,373.79,562.19
10/19/2012,833.22,368.18,553.76
10/22/2012,829.64,366.6,551.38
10/23/2012,810.04,357.94,538.35
10/24/2012,804.96,355.69,534.98
10/25/2012,812.41,358.98,539.93
10/26/2012,813.18,359.32,540.44
10/31/2012,812.61,359.05,539.94
11/1/2012,817.51,361.2,543.14
11/2/2012,803.56,355.04,533.87
11/5/2012,809.38,357.61,537.74
11/6/2012,822.05,363.21,546.16
11/7/2012,798.54,352.6,529.44
11/8/2012,785.38,346.79,520.71
11/9/2012,785.53,346.86,520.82
11/12/2012,786.62,347.34,521.54
11/13/2012,782.15,345.37,518.57
11/14/2012,773.22,341.28,511.96
11/15/2012,774.02,341.63,512.49
11/16/2012,776.83,342.88,514.35
11/19/2012,794.32,350.57,525.8
11/20/2012,791.18,349.19,523.72
11/21/2012,795.54,351.11,526.61
11/23/2012,806.07,355.76,533.58
11/26/2012,799.47,352.84,529.21
11/27/2012,791.89,349.5,524.2
11/28/2012,800.5,353.3,529.88
11/29/2012,801.46,353.69,530.38
11/30/2012,801.2,353.58,530.21
12/3/2012,796.31,351.42,526.97
12/4/2012,793.31,350.09,524.95
12/5/2012,799,352.58,528.62
12/6/2012,801.73,353.75,530.23
12/7/2012,806.97,356.06,533.69
12/10/2012,806.19,355.71,533.16
12/11/2012,810.62,357.66,536.09
12/12/2012,813.88,359.1,538.22
12/13/2012,806.69,355.92,533.45
12/14/2012,803.05,354.32,531.05
12/17/2012,810.15,357.45,535.74
12/18/2012,823.79,363.47,544.76
12/19/2012,817.24,360.57,540.42
12/20/2012,823.18,363.2,544.35
12/21/2012,813.63,358.98,538.03
12/24/2012,807.76,356.39,534.15
12/26/2012,804.75,355.07,532.16
12/27/2012,803.65,354.58,531.43
12/28/2012,789.44,348.31,522.03
12/31/2012,805.96,355.6,532.96
1/2/2013,824.76,363.89,545.39
1/3/2013,823.95,363.53,544.85
1/4/2013,832.58,367.34,550.56
1/7/2013,825.77,364.34,546.06
1/8/2013,824.45,363.76,545.19
1/9/2013,822.79,363.02,544.08
1/10/2013,830.59,366.46,549.24
1/11/2013,832.46,367.28,550.46
1/14/2013,832.37,367.25,550.41
1/15/2013,835.56,368.65,552.49
1/16/2013,838.14,369.79,554.2
1/17/2013,843.97,372.36,558.03
1/18/2013,851.59,375.72,563.07
1/22/2013,859.02,378.99,567.98
1/23/2013,855.86,377.6,565.89
1/24/2013,859.52,379.22,568.31
1/25/2013,867,382.52,573.26
1/28/2013,864.16,381.26,571.38
1/29/2013,877.84,387.28,580.33
1/30/2013,871.98,384.7,576.47
1/31/2013,867.4,382.67,573.41
2/1/2013,875.43,386.21,578.72
2/4/2013,867.13,382.55,573.23
2/5/2013,873.47,385.34,577.41
2/6/2013,873.71,385.45,577.57
2/7/2013,870.66,383.9,574.53
2/8/2013,877.83,387.07,579.27
2/11/2013,873.01,384.93,576.04
2/12/2013,875.74,386.13,577.85
2/13/2013,878.74,387.31,579.07
2/14/2013,883.86,389.49,582.1
2/15/2013,874.93,385.51,575.96
2/19/2013,885.14,389.99,582.61
2/20/2013,869.07,382.91,572.03
2/21/2013,863.24,380.34,568.2
2/22/2013,871.41,383.94,573.57
2/25/2013,849.5,374.29,559.15
2/26/2013,857.41,377.77,564.35
2/27/2013,870.49,383.53,572.96
2/28/2013,871.15,383.82,573.39
3/1/2013,869.24,382.98,572.13
3/4/2013,867.21,382.08,570.75
3/5/2013,873.47,384.84,574.87
3/6/2013,874.34,385.16,575.16
3/7/2013,876.61,386.15,576.61
3/8/2013,880.57,387.9,579.21
3/11/2013,880.92,388.05,579.42
3/12/2013,882.03,388.54,580.15
3/13/2013,880.48,387.84,579.07
3/14/2013,891.95,392.89,586.61
3/15/2013,890.61,392.31,585.73
3/18/2013,882.76,388.85,580.57
3/19/2013,874.46,385.19,575.11
3/20/2013,879.52,387.42,578.44
3/21/2013,874.91,385.39,575.41
3/22/2013,882.1,388.55,580.13
3/25/2013,878.75,387.08,577.93
3/26/2013,888.11,391.2,584.09
3/27/2013,890.73,392.36,585.81
3/28/2013,887.95,391.13,583.98
4/1/2013,887.8,391.07,583.88
4/2/2013,883.63,389.23,581.14
4/3/2013,869.39,382.96,571.78
4/4/2013,868.39,382.52,571.12
4/5/2013,868.45,382.54,571.16
4/8/2013,872.77,384.44,574
4/9/2013,879.33,387.33,578.31
4/10/2013,883.75,389.28,581.22
4/11/2013,887.8,391.06,583.87
4/12/2013,876.04,385.88,576.11
4/15/2013,842.1,370.93,553.79
4/16/2013,851.15,374.92,559.74
4/17/2013,834.61,367.63,548.87
4/18/2013,840.53,370.23,552.73
4/19/2013,840.27,370.12,552.56
4/22/2013,849.03,373.97,558.32
4/23/2013,858.71,378.24,564.69
4/24/2013,868.77,382.67,571.3
4/25/2013,867.62,382.14,570.45
4/26/2013,867.44,382.07,570.34
4/29/2013,875.96,385.82,575.94
4/30/2013,880.37,387.76,578.84
5/1/2013,865.97,381.42,569.36
5/2/2013,877.18,386.35,576.68
5/3/2013,893.02,393.32,587.07
5/6/2013,898.01,395.51,590.35
5/7/2013,904.06,398.18,594.33
5/8/2013,906.13,399.07,595.6
5/9/2013,905.27,398.48,593.95
5/10/2013,901.08,396.63,591.2
5/13/2013,900.87,396.54,591.06
5/14/2013,912.61,401.69,598.67
5/15/2013,910.4,400.56,596.44
5/16/2013,905.66,398.46,593.27
5/17/2013,919.96,404.75,602.63
5/20/2013,931.86,409.98,610.38
5/21/2013,931.48,409.81,610.14
5/22/2013,920.49,404.91,602.63
5/23/2013,918.65,404.1,601.43
5/24/2013,915.48,402.71,599.35
5/28/2013,924.7,406.76,605.39
5/29/2013,922.98,406,604.25
5/30/2013,920.87,405.08,602.87
5/31/2013,902.53,397.01,590.86
6/3/2013,911.9,401.09,596.79
6/4/2013,904.72,397.93,592.09
6/5/2013,894.72,393.51,585.45
6/6/2013,900.94,396.2,589.28
6/7/2013,911.56,400.87,596.22
6/10/2013,909.1,399.79,594.6
6/11/2013,896.3,394.16,586.23
6/12/2013,889.72,391.25,581.85
6/13/2013,905.23,398.07,591.98
6/14/2013,896.46,394.21,586.24
6/17/2013,908.07,399.32,593.84
6/18/2013,913.26,401.6,597.23
6/19/2013,904.1,397.57,591.24
6/20/2013,879.47,386.74,575.13
6/21/2013,882.32,387.99,576.99
6/24/2013,868.84,382.06,568.18
6/25/2013,878.48,386.3,574.49
6/26/2013,884.62,389,578.5
6/27/2013,886.57,389.86,579.78
6/28/2013,884.68,389.03,578.54
7/1/2013,889.6,391.19,581.76
7/2/2013,891.59,392.07,583.06
7/3/2013,891.83,392.17,583.21
7/5/2013,901.58,396.46,589.59
7/8/2013,907.89,399.24,593.72
7/9/2013,917.57,403.49,600.05
7/10/2013,912.23,401.14,596.56
7/11/2013,920.75,404.89,602.11
7/12/2013,924.37,406.48,604.48
7/15/2013,923.74,406.2,604.05
7/16/2013,918.58,403.93,600.67
7/17/2013,922.69,405.74,603.36
7/18/2013,931.9,409.72,609.03
7/19/2013,944.53,415.27,617.28
7/22/2013,942.2,414.24,615.76
7/23/2013,944.04,415.05,616.96
7/24/2013,935.01,411.08,611.06
7/25/2013,939.87,413.22,614.24
7/26/2013,937.28,412.08,612.55
7/29/2013,929.51,408.65,607.37
7/30/2013,926.89,407.49,605.65
7/31/2013,929.65,408.71,607.46
8/1/2013,940.63,413.52,614.56
8/2/2013,935.16,411.11,610.96
8/5/2013,932.54,409.96,609.26
8/6/2013,927.96,407.94,606.25
8/7/2013,924.87,406.57,604.15
8/8/2013,930.07,408.85,607.54
8/9/2013,927.15,407.35,604.56
8/12/2013,922.27,405.2,601.33
8/13/2013,923.86,405.89,602.34
8/14/2013,920.26,404.3,599.92
8/15/2013,915.29,401.96,595.94
8/16/2013,911.52,400.31,593.49
8/19/2013,897.72,394.22,584.37
8/20/2013,901.82,396.02,587.04
8/21/2013,896.96,393.88,583.87
8/22/2013,909.02,399.18,591.73
8/23/2013,915.77,402.15,596.12
8/26/2013,913.49,401.15,594.64
8/27/2013,907.98,398.73,591.05
8/28/2013,924.09,405.8,601.53
8/29/2013,914.06,401.39,594.99
8/30/2013,914.13,401.38,594.84
9/3/2013,919.5,403.74,598.33
9/4/2013,924.35,405.87,601.48
9/5/2013,926.72,406.9,602.98
9/6/2013,927.22,407.08,603.11
9/9/2013,936.75,411.26,609.27
9/10/2013,936.9,411.32,609.37
9/11/2013,944.25,414.51,613.98
9/12/2013,938.68,412.06,610.33
9/13/2013,939.13,412.26,610.62
9/16/2013,939.28,412.33,610.72
9/17/2013,943.27,414.08,613.31
9/18/2013,954.7,419.1,620.75
9/19/2013,952.66,418.2,619.42
9/20/2013,945.23,414.94,614.58
9/23/2013,940.53,412.88,611.53
9/24/2013,940.88,413.03,611.76
9/25/2013,940.41,412.82,611.45
9/26/2013,940.99,413.08,611.83
9/27/2013,938.08,411.8,609.94
9/30/2013,930.27,408.37,604.86
10/1/2013,935.33,410.59,608.14
10/2/2013,937.74,411.65,609.72
10/3/2013,929.87,408.2,604.6
10/4/2013,937.8,411.68,609.76
10/7/2013,931.19,408.77,605.45
10/8/2013,921.76,404.64,599.32
10/9/2013,918.76,403.32,597.37
10/10/2013,935.09,410.42,607.65
10/11/2013,944.74,414.65,613.92
10/14/2013,950.62,417.23,617.74
10/15/2013,946.55,415.44,615.08
10/16/2013,959.5,421.13,623.49
10/17/2013,961.56,422.03,624.83
10/18/2013,969.99,425.72,630.27
10/21/2013,966.27,424.09,627.86
10/22/2013,972.81,426.96,632.11
10/23/2013,959.72,421.22,623.6
10/24/2013,965.32,423.68,627.24
10/25/2013,969.28,425.41,629.82
10/28/2013,970.67,426.02,630.71
10/29/2013,977.2,428.87,634.86
10/30/2013,971.1,426.19,630.89
10/31/2013,969.01,425.26,629.49
11/1/2013,966.06,423.96,627.55
11/4/2013,978.75,429.54,635.79
11/5/2013,971.24,426.24,630.9
11/6/2013,977.11,428.8,634.64
11/7/2013,964.2,422.92,625.19
11/8/2013,977.92,428.93,634.08
11/11/2013,979.51,429.63,635.12
11/12/2013,971.19,425.96,629.63
11/13/2013,977.66,428.77,633.7
11/14/2013,984.06,431.43,637.11
11/15/2013,990.94,434.45,641.56
11/18/2013,984.96,431.8,637.59
11/19/2013,986.69,432.56,638.71
11/20/2013,983.77,431.28,636.82
11/21/2013,992.01,434.89,642.13
11/22/2013,997.55,437.32,645.71
11/25/2013,989.37,433.73,640.37
11/26/2013,985.98,432.24,638.17
11/27/2013,979.04,429.19,633.67
11/29/2013,977.47,428.51,632.66
12/2/2013,978.19,428.79,632.96
12/3/2013,981.42,430.2,635.05
12/4/2013,977.37,428.41,632.34
12/5/2013,973.25,426.59,629.61
12/6/2013,978.69,428.94,632.93
12/9/2013,979.61,429.33,633.49
12/10/2013,976.92,428.15,631.75
12/11/2013,963.18,422.1,622.73
12/12/2013,967.76,424.11,625.69
12/13/2013,964.1,422.5,623.3
12/16/2013,973.35,426.56,629.28
12/17/2013,967.47,423.98,625.48
12/18/2013,983.46,430.98,635.81
12/19/2013,985.65,431.94,637.23
12/20/2013,986.9,432.49,638.04
12/23/2013,987.24,432.64,638.26
12/24/2013,993.53,435.4,642.32
12/26/2013,1002.04,439.13,647.83
12/27/2013,1006.91,441.26,650.97
12/30/2013,998.86,437.73,645.77
12/31/2013,1007.99,441.73,651.67
1/2/2014,994.82,435.96,643.16
1/3/2014,992.3,434.86,641.53
1/6/2014,992.92,435.13,641.93
1/7/2014,1001.78,439.01,647.66
1/8/2014,994.95,436.02,643.24
1/9/2014,991.29,434.42,640.88
1/10/2014,992.77,435.06,641.83
1/13/2014,973.92,426.8,629.63
1/14/2014,984.55,431.46,636.5
1/15/2014,981.44,430.09,634.47
1/16/2014,982.2,430.42,634.96
1/17/2014,981.72,430.21,634.62
1/21/2014,986.69,432.39,637.84
1/22/2014,989.86,433.78,639.89
1/23/2014,978.77,428.91,632.71
1/24/2014,958.57,420.06,619.65
1/27/2014,955.3,418.63,617.54
1/28/2014,962.74,421.89,622.35
1/29/2014,957.21,419.44,618.66
1/30/2014,958.75,420.11,619.63
1/31/2014,944.52,413.88,610.44
2/3/2014,927.72,406.52,599.58
2/4/2014,934.54,409.51,603.98
2/5/2014,926.48,405.97,598.77
2/6/2014,940.3,411.8,606.57
2/7/2014,950.6,416.31,613.21
2/10/2014,944.69,413.71,609.35
2/11/2014,958.17,419.61,618.04
2/12/2014,955.95,418.46,615.76
2/13/2014,960.28,420.27,618.12
2/14/2014,974.75,426.54,627.11
2/18/2014,977.87,427.9,629.11
2/19/2014,978.45,428.15,629.42
2/20/2014,985.92,431.41,634.22
2/21/2014,979.08,428.42,629.81
2/24/2014,993.92,434.91,639.36
2/25/2014,993.78,434.85,639.27
2/26/2014,987.74,432.2,635.36
2/27/2014,987.62,432.15,635.29
2/28/2014,992.39,434.24,638.36
3/3/2014,986.48,431.65,634.51
3/4/2014,996.51,436.03,640.96
3/5/2014,985.79,431.34,634.07
3/6/2014,991.75,433.89,637.61
3/7/2014,995.72,435.63,640.16
3/10/2014,997.83,436.54,641.48
3/11/2014,986.18,431.45,633.99
3/12/2014,986.91,431.73,634.28
3/13/2014,977.31,427.53,628.11
3/14/2014,978.67,428.12,628.98
3/17/2014,984.94,430.87,633.01
3/18/2014,992.64,434.23,637.94
3/19/2014,983.61,430.28,632.13
3/20/2014,988.58,432.45,635.32
3/21/2014,991.12,433.57,636.96
3/24/2014,989.96,433.06,636.21
3/25/2014,998.27,436.69,641.55
3/26/2014,995.07,435.29,639.49
3/27/2014,1003.64,439.04,645
3/28/2014,1016.05,444.47,652.98
3/31/2014,1015.93,444.42,652.9
4/1/2014,1021.35,446.79,656.38
4/2/2014,1024.6,448.21,658.47
4/3/2014,1030.38,450.74,662.19
4/4/2014,1026.2,448.91,659.5
4/7/2014,1011.39,442.43,649.98
4/8/2014,1020.55,446.44,655.87
4/9/2014,1025.48,448.59,659.03
4/10/2014,1011.84,442.62,650.25
4/11/2014,1009.58,441.64,648.8
4/14/2014,1022.86,447.44,657.31
4/15/2014,1035.68,453.05,665.55
4/16/2014,1048.17,458.51,673.58
4/17/2014,1056.86,462.31,679.12
4/21/2014,1063.77,465.33,683.56
4/22/2014,1061.43,464.3,682.05
4/23/2014,1066.44,466.5,685.28
4/24/2014,1065.41,466.05,684.62
4/25/2014,1060.76,464.01,681.62
4/28/2014,1063.83,465.32,683.45
4/29/2014,1068.33,467.29,686.34
4/30/2014,1068.25,467.26,686.29
5/1/2014,1064.59,465.64,683.84
5/2/2014,1067.99,467.12,686.03
5/5/2014,1072.97,469.3,689.2
5/6/2014,1074.52,469.98,690.2
5/7/2014,1082.92,473.63,695.51
5/8/2014,1069.01,467.55,686.57
5/9/2014,1068.91,467.27,685.35
5/12/2014,1075.47,470.14,689.56
5/13/2014,1079.01,471.68,691.8
5/14/2014,1079.5,471.89,692.09
5/15/2014,1066.77,466.14,683.03
5/16/2014,1063.8,464.84,681.13
5/19/2014,1067.18,466.29,683.14
5/20/2014,1064.61,465.16,681.49
5/21/2014,1076.67,470.36,688.88
5/22/2014,1074.92,469.6,687.75
5/23/2014,1073.59,469.02,686.9
5/27/2014,1076.04,470.09,688.47
5/28/2014,1077.47,470.69,689.28
5/29/2014,1085.27,474.1,694.26
5/30/2014,1084.02,473.55,693.46
6/2/2014,1081.82,472.54,691.8
6/3/2014,1085.41,474.11,694.1
6/4/2014,1083.94,473.46,693.16
6/5/2014,1090.62,476.37,697.36
6/6/2014,1099.99,480.41,703.13
6/9/2014,1101.2,480.93,703.85
6/10/2014,1100.08,480.44,703.14
6/11/2014,1104,482.11,705.42
6/12/2014,1107.6,483.68,707.69
6/13/2014,1118.77,488.55,714.83
6/16/2014,1124.61,491.1,718.56
6/17/2014,1122.71,490.27,717.34
6/18/2014,1131.18,493.97,722.75
6/19/2014,1138.18,497.03,727.23
6/20/2014,1149.03,501.77,734.16
6/23/2014,1153.61,503.77,737.09
6/24/2014,1130.78,493.8,722.5
6/25/2014,1138.29,497.08,727.3
6/26/2014,1139.19,497.47,727.87
6/27/2014,1138.63,497.23,727.52
6/30/2014,1138.8,497.3,727.63
7/1/2014,1139.92,497.79,728.34
7/2/2014,1138.66,497.24,727.53
7/3/2014,1143.1,499.18,730.37
7/7/2014,1136.62,496.35,726.23
7/8/2014,1134.82,495.56,725.08
7/9/2014,1142.03,498.71,729.69
7/10/2014,1131.19,493.98,722.76
7/11/2014,1122.54,490.2,717.24
7/14/2014,1132.39,494.5,723.51
7/15/2014,1127.46,492.34,720.34
7/16/2014,1145.07,500.03,731.59
7/17/2014,1127.27,492.19,719.87
7/18/2014,1130.53,493.6,721.91
7/21/2014,1132.27,494.36,723.03
7/22/2014,1140.92,498.14,728.55
7/23/2014,1147.29,500.92,732.62
7/24/2014,1148.58,501.48,733.44
7/25/2014,1139.76,497.63,727.81
7/28/2014,1138.45,497.06,726.97
7/29/2014,1134.08,495.13,724.07
7/30/2014,1128.22,492.57,720.33
7/31/2014,1101.03,480.68,702.87
8/1/2014,1093.2,477.26,697.87
8/4/2014,1110.83,484.95,709.1
8/5/2014,1087.08,474.58,693.94
8/6/2014,1091.36,476.45,696.66
8/7/2014,1083.9,473.19,691.9
8/8/2014,1102.27,481.19,703.5
8/11/2014,1102.42,481.02,702.45
8/12/2014,1095.09,477.82,697.78
8/13/2014,1098.97,479.48,700.1
8/14/2014,1093.47,477.08,696.58
8/15/2014,1100.32,479.9,700.15
8/18/2014,1103.68,481.33,702.12
8/19/2014,1111.7,484.83,707.23
8/20/2014,1114.09,485.86,708.65
8/21/2014,1114.12,485.87,708.67
8/22/2014,1106.89,482.71,704.06
8/25/2014,1115.62,486.52,709.61
8/26/2014,1121.39,489.04,713.29
8/27/2014,1120.33,488.57,712.59
8/28/2014,1119.81,488.35,712.27
8/29/2014,1125.64,490.83,715.72
9/2/2014,1111.61,484.72,706.8
9/3/2014,1115.07,486.23,709
9/4/2014,1100.76,479.97,699.83
9/5/2014,1108.33,483.27,704.64
9/8/2014,1091.18,475.74,693.47
9/9/2014,1086,473.48,690.18
9/10/2014,1083.16,472.19,688.1
9/11/2014,1084.11,472.6,688.7
9/12/2014,1067.83,465.5,678.33
9/15/2014,1075.63,468.9,683.29
9/16/2014,1088.39,474.46,691.39
9/17/2014,1083.17,472.18,688.08
9/18/2014,1078.02,469.94,684.8
9/19/2014,1078.05,469.95,684.82
9/22/2014,1063.41,463.57,675.52
9/23/2014,1060.05,462.11,673.39
9/24/2014,1060.43,462.27,673.63
9/25/2014,1044.15,455.18,663.29
9/26/2014,1057.78,461.12,671.95
9/29/2014,1053.32,459.17,669.11
9/30/2014,1040.64,453.64,661.05
10/1/2014,1021.21,445.17,648.71
10/2/2014,1017.33,443.48,646.25
10/3/2014,1017.35,443.49,646.26
10/6/2014,1018.65,444.06,647.09
10/7/2014,1005.1,438.15,638.48
10/8/2014,1015.22,442.56,644.91
10/9/2014,978.2,426.35,621.04
10/10/2014,966.71,421.34,613.73
10/13/2014,939.12,409.32,596.21
10/14/2014,927.59,404.29,588.9
10/15/2014,931.62,406.04,591.42
10/16/2014,947.32,412.88,601.39
10/17/2014,956,416.67,606.9
10/20/2014,963.33,419.85,611.51
10/21/2014,991.52,432.14,629.4
10/22/2014,975.08,424.97,618.97
10/23/2014,992.49,432.56,630.02
10/24/2014,989.67,431.33,628.23
10/27/2014,969.58,422.58,615.48
10/28/2014,991.58,432.16,629.44
10/29/2014,993.34,432.91,630.45
10/30/2014,990.45,431.63,628.5
10/31/2014,1010.69,440.44,641.32
11/3/2014,993.14,432.79,630.16
11/4/2014,973.97,424.43,617.99
11/5/2014,990.98,431.85,628.79
11/6/2014,1003.68,437.38,636.84
11/7/2014,1014.88,442.02,642.8
11/10/2014,1006.43,438.35,637.45
11/11/2014,1009.07,439.49,639.12
11/12/2014,1000.16,435.56,633.21
11/13/2014,986.86,429.75,624.69
11/14/2014,996.31,433.7,629.88
11/17/2014,992.26,431.9,627.15
11/18/2014,992.68,432.08,627.42
11/19/2014,998.23,434.5,630.93
11/20/2014,1009.14,439.25,637.82
11/21/2014,1021.45,444.6,645.6
11/24/2014,1013.99,441.36,640.88
11/25/2014,997.77,434.3,630.62
11/26/2014,986.75,429.5,623.65
11/28/2014,924.93,402.59,584.58
12/1/2014,931.82,405.55,588.74
12/2/2014,944.23,410.95,596.58
12/3/2014,955.44,415.8,603.53
12/4/2014,947.86,412.49,598.67
12/5/2014,936.55,407.57,591.53
12/8/2014,900.42,391.79,568.43
12/9/2014,908.11,395.13,573.29
12/10/2014,880.42,383.05,555.63
12/11/2014,880.73,383.18,555.82
12/12/2014,861.84,374.96,543.9
12/15/2014,855.74,372.3,540.03
12/16/2014,861.71,374.9,543.79
12/17/2014,898.09,390.73,566.75
12/18/2014,917.17,399.03,578.79
12/19/2014,945.79,411.48,596.85
12/22/2014,936.53,407.45,591.01
12/23/2014,948.3,412.57,598.44
12/24/2014,940.63,409.24,593.6
12/26/2014,939.98,408.95,593.19
12/29/2014,942.47,410.04,594.76
12/30/2014,936.59,407.48,591.05
12/31/2014,929.53,404.41,586.59
1/2/2015,933.53,406.15,589.12
1/5/2015,896.27,389.94,565.6
1/6/2015,884.53,384.83,558.19
1/7/2015,887.54,386.14,560.09
1/8/2015,907.1,394.65,572.44
1/9/2015,899.94,391.53,567.92
1/12/2015,874.71,380.56,552
1/13/2015,868.39,377.8,547.99
1/14/2015,869.54,378.3,548.68
1/15/2015,859.04,373.73,542.06
1/16/2015,886.46,385.66,559.36
1/20/2015,887.37,386.05,559.9
1/21/2015,903.62,393.12,570.15
1/22/2015,908.84,395.39,573.44
1/23/2015,900.66,391.83,568.28
1/26/2015,913.17,397.27,576.18
1/27/2015,911.59,396.58,575.18
1/28/2015,876.38,381.25,552.91
1/29/2015,878.35,382.05,553.86
1/30/2015,884.82,384.87,557.95
2/2/2015,911.36,396.41,574.68
2/3/2015,936.66,407.42,590.64
2/4/2015,921.57,400.85,581.12
2/5/2015,934.94,406.66,589.53
2/6/2015,934.32,406.15,587.98
2/9/2015,936.49,407.03,589.03
2/10/2015,934.69,406.25,587.89
2/11/2015,928.75,403.64,584.03
2/12/2015,943.16,409.64,591.84
2/13/2015,961.75,417.7,603.4
2/17/2015,963.14,418.3,604.28
2/18/2015,949.28,412.26,595.48
2/19/2015,941.87,409.04,590.83
2/20/2015,939.08,407.83,589.07
2/23/2015,935.13,406.11,586.6
2/24/2015,936.95,406.9,587.73
2/25/2015,940.88,408.6,590.18
2/26/2015,924.28,401.39,579.76
2/27/2015,920.68,399.83,577.51
3/2/2015,914.44,397.1,573.51
3/3/2015,916.51,398,574.81
3/4/2015,914.63,397.19,573.63
3/5/2015,908.99,394.73,570.08
3/6/2015,894.32,388.32,560.66
3/9/2015,888.23,385.66,556.79
3/10/2015,875.6,380.18,548.87
3/11/2015,877.76,381.06,549.97
3/12/2015,873.7,379.3,547.42
3/13/2015,869.63,377.53,544.87
3/16/2015,881.33,382.61,552.2
3/17/2015,876.78,380.63,549.32
3/18/2015,902.2,391.67,565.25
3/19/2015,886.93,385.04,555.68
3/20/2015,899.08,390.31,563.3
3/23/2015,897.48,389.62,562.3
3/24/2015,890.23,386.47,557.75
3/25/2015,901.09,391.18,564.55
3/26/2015,899.26,390.39,563.41
3/27/2015,892.59,387.5,559.23
3/30/2015,911.38,395.65,571
3/31/2015,903.01,392.02,565.76
4/1/2015,904.68,392.74,566.8
4/2/2015,906.25,393.43,567.79
4/6/2015,922.3,400.4,577.84
4/7/2015,925.14,401.62,579.62
4/8/2015,915.61,397.49,573.65
4/9/2015,929.62,403.57,582.43
4/10/2015,934.3,405.6,585.36
4/13/2015,926.46,402.2,580.43
4/14/2015,942.96,409.35,590.73
4/15/2015,964.67,418.78,604.34
4/16/2015,962.01,417.62,602.67
4/17/2015,954.26,414.26,597.81
4/20/2015,958.57,416.12,600.48
4/21/2015,948.87,411.91,594.4
4/22/2015,954.89,414.52,598.17
4/23/2015,960.77,417.08,601.86
4/24/2015,954.59,414.39,597.98
4/27/2015,954,414.14,597.61
4/28/2015,959.65,416.51,600.79
4/29/2015,966.48,419.48,605.07
4/30/2015,963.06,417.99,602.89
5/1/2015,966.03,419.28,604.75
5/4/2015,963.81,418.31,603.36
5/5/2015,953.21,413.71,596.72
5/6/2015,950.36,412.47,594.93
5/7/2015,939.95,407.95,588.39
5/8/2015,955,414.48,597.81
5/11/2015,937.6,406.65,585.57
5/12/2015,941.71,408.43,588.13
5/13/2015,938.91,407.2,586.32
5/14/2015,939.55,407.46,586.6
5/15/2015,942.91,408.75,587.93
5/18/2015,942.29,408.46,587.44
5/19/2015,930.7,403.44,580.21
5/20/2015,932.73,404.25,581.13
5/21/2015,940.59,407.65,586.02
5/22/2015,936.43,405.85,583.44
5/26/2015,921.62,399.43,574.21
5/27/2015,920.71,399.03,573.6
5/28/2015,917.77,397.75,571.77
5/29/2015,917.19,397.5,571.41
6/1/2015,915.69,396.78,570.14
6/2/2015,920.29,398.77,573
6/3/2015,914.27,396.17,569.26
6/4/2015,902.92,391.25,562.18
6/5/2015,908.86,393.82,565.88
6/8/2015,904.85,392.02,563.1
6/9/2015,904.39,391.83,562.82
6/10/2015,915.41,396.56,569.45
6/11/2015,911.83,394.99,567.19
6/12/2015,901.28,390.42,560.6
6/15/2015,898.52,389.22,558.88
6/16/2015,905.83,392.39,563.43
6/17/2015,904.53,391.83,562.62
6/18/2015,905.14,392.09,563
6/19/2015,897.11,388.61,558.01
6/22/2015,905.94,392.44,563.5
6/23/2015,908.79,393.67,565.27
6/24/2015,903.08,391.2,561.72
6/25/2015,893.84,387.2,555.98
6/26/2015,896.01,388.14,557.32
6/29/2015,880.28,381.32,547.54
6/30/2015,886.02,383.81,551.11
7/1/2015,874.45,378.8,543.91
7/2/2015,878.25,380.44,546.28
7/6/2015,867.17,375.64,539.38
7/7/2015,874.82,378.96,544.14
7/8/2015,857.7,371.54,533.49
7/9/2015,860.97,372.96,535.53
7/10/2015,865.34,374.85,538.25
7/13/2015,870.79,377.21,541.64
7/14/2015,878.07,380.37,546.16
7/15/2015,863.92,374.23,537.33
7/16/2015,864.39,374.43,537.62
7/17/2015,855.13,370.42,531.86
7/20/2015,844.17,365.67,525.01
7/21/2015,844.99,366.02,525.51
7/22/2015,839.54,363.66,522.13
7/23/2015,837.58,362.74,520.56
7/24/2015,820.97,355.55,510.24
7/27/2015,809.87,350.74,503.33
7/28/2015,834.04,361.21,518.36
7/29/2015,845.28,366,525
7/30/2015,839.92,363.67,521.6
7/31/2015,818.23,354.26,508.05
8/3/2015,801.8,347.14,497.85
8/4/2015,798.11,345.54,495.55
8/5/2015,792.12,342.95,491.84
8/6/2015,804.69,348.39,499.63
8/7/2015,789.73,341.92,490.35
8/10/2015,814.47,352.61,505.61
8/11/2015,814.82,352.52,504.66
8/12/2015,830.01,359.08,514.03
8/13/2015,819.06,354.31,507.11
8/14/2015,817.35,353.57,506.05
8/17/2015,818.41,353.84,505.81
8/18/2015,815.13,352.43,503.79
8/19/2015,792.42,342.61,489.75
8/20/2015,774.92,335.04,478.94
8/21/2015,748.02,323.41,462.29
8/24/2015,709.3,306.66,438.36
8/25/2015,699.66,302.5,432.4
8/26/2015,724.2,313.1,447.55
8/27/2015,759.77,328.48,469.53
8/28/2015,775.36,335.22,479.16
8/31/2015,784.06,338.91,484.21
9/1/2015,755.38,326.52,466.5
9/2/2015,762.38,329.54,470.8
9/3/2015,764.88,330.62,472.35
9/4/2015,751.73,324.93,464.18
9/8/2015,763.19,329.83,471.03
9/9/2015,748.49,323.46,461.89
9/10/2015,752.54,325.22,464.39
9/11/2015,747.03,322.83,460.95
9/14/2015,741.02,320.23,457.24
9/15/2015,749.11,323.72,462.23
9/16/2015,769.84,332.68,475.03
9/17/2015,769.6,332.57,474.86
9/18/2015,749.43,323.86,462.41
9/21/2015,753.73,325.72,465.06
9/22/2015,745.82,322.26,460.02
9/23/2015,735.59,317.84,453.71
9/24/2015,738.64,319.16,455.58
9/25/2015,740.7,320.05,456.85
9/28/2015,714.17,308.59,440.49
9/29/2015,714.27,308.63,440.55
9/30/2015,731.75,316.18,451.33
10/1/2015,732.15,316.35,451.58
10/2/2015,761.51,329.04,469.69
10/5/2015,783.25,338.43,483.09
10/6/2015,800.69,345.97,493.86
10/7/2015,811.31,350.56,500.41
10/8/2015,826.68,357.2,509.88
10/9/2015,820.67,354.6,506.18
10/12/2015,811.78,350.76,500.69
10/13/2015,804.5,347.62,496.2
10/14/2015,812.16,350.92,500.9
10/15/2015,825.95,356.8,509.05
10/16/2015,827.42,357.44,509.95
10/19/2015,811.46,350.54,500.12
10/20/2015,812.89,351.16,500.96
10/21/2015,804.47,347.52,495.77
10/22/2015,820.83,354.58,505.85
10/23/2015,819.19,353.88,504.85
10/26/2015,798.56,344.96,492.13
10/27/2015,789.33,340.98,486.44
10/28/2015,806.86,348.55,497.23
10/29/2015,809.96,349.8,498.71
10/30/2015,815.49,352.18,502.11
11/2/2015,835.38,360.77,514.36
11/3/2015,856.53,369.9,527.38
11/4/2015,847.58,366.04,521.87
11/5/2015,838.75,362.23,516.43
11/6/2015,835.14,360.67,514.21
11/9/2015,824.9,356,506.73
11/10/2015,827.41,357.03,508.03
11/11/2015,811.62,350.22,498.34
11/12/2015,792.23,341.85,486.41
11/13/2015,787.53,339.82,483.52
11/16/2015,814.55,351.3,499.26
11/17/2015,805.14,347.24,493.49
11/18/2015,818.08,352.82,501.42
11/19/2015,807.75,348.35,495
11/20/2015,799.37,344.73,489.86
11/23/2015,804.67,347.02,493.11
11/24/2015,822.28,354.61,503.9
11/25/2015,815.51,351.69,499.73
11/27/2015,809.98,349.3,496.34
11/30/2015,813.51,350.77,498.26
12/1/2015,819.45,353.31,501.81
12/2/2015,794.09,342.37,486.21
12/3/2015,778.14,335.49,476.43
12/4/2015,774.07,333.73,473.94
12/7/2015,745.78,321.52,456.56
12/8/2015,735.01,316.83,449.75
12/9/2015,745.06,321.13,455.74
12/10/2015,749.67,323.12,458.55
12/11/2015,724.53,312.27,443.14
12/14/2015,730.41,314.81,446.73
12/15/2015,751.24,323.78,459.45
12/16/2015,747.38,322.12,457.09
12/17/2015,728.82,314.12,445.74
12/18/2015,716.94,309,438.48
12/21/2015,717.27,309.14,438.68
12/22/2015,726.03,312.92,444.03
12/23/2015,756.84,326.2,462.88
12/24/2015,749.95,323.23,458.67
12/28/2015,736.52,317.44,450.45
12/29/2015,741.64,319.64,453.58
12/30/2015,730.76,314.96,446.93
12/31/2015,733.24,316.02,448.44
1/4/2016,732.1,315.53,447.75
1/5/2016,735.81,317.13,450.01
1/6/2016,709.16,305.64,433.71
1/7/2016,692.37,298.41,423.45
1/8/2016,683.09,294.41,417.77
1/11/2016,668.78,288.24,409.02
1/12/2016,671.28,289.32,410.55
1/13/2016,659.42,284.2,403.26
1/14/2016,688.93,296.92,421.3
1/15/2016,669.13,288.39,409.2
1/19/2016,654.61,282.13,400.32
1/20/2016,635.47,273.87,388.58
1/21/2016,653.81,281.78,399.79
1/22/2016,682,293.92,417.03
1/25/2016,651.19,280.65,398.19
1/26/2016,675.81,291.25,413.24
1/27/2016,671.5,289.4,410.61
1/28/2016,692.92,298.6,423.56
1/29/2016,711.09,306.43,434.67
2/1/2016,697.77,300.69,426.53
2/2/2016,675.03,290.89,412.63
2/3/2016,701.79,302.42,428.99
2/4/2016,701.6,302.33,428.83
2/5/2016,687.51,296.24,420.11
2/8/2016,687.97,296.43,420.39
2/9/2016,672.87,289.68,410
2/10/2016,669.74,288.31,407.95
2/11/2016,667.3,287.2,406.22
2/12/2016,685.05,294.77,416.7
2/16/2016,691.81,297.52,420.04
2/17/2016,712,306.2,432.3
2/18/2016,705.34,303.34,428.26
2/19/2016,702.9,302.29,426.77
2/22/2016,718.61,309.05,436.31
2/23/2016,695.5,299.1,422.28
2/24/2016,701.75,301.79,426.08
2/25/2016,703.1,302.37,426.87
2/26/2016,705.76,303.51,428.49
2/29/2016,697.75,300.05,423.54
3/1/2016,713.25,306.72,432.95
3/2/2016,730.73,314.23,443.56
3/3/2016,740.09,318.26,449.24
3/4/2016,746.8,321.14,453.31
3/7/2016,764.47,328.74,464.02
3/8/2016,733.26,315.27,444.86
3/9/2016,744.64,320.15,451.7
3/10/2016,745.09,320.31,451.81
3/11/2016,761.81,327.49,461.9
3/14/2016,757.11,325.47,459.05
3/15/2016,756.07,325.01,458.39
3/16/2016,768.2,330.23,465.75
3/17/2016,779.22,334.97,472.43
3/18/2016,780.74,335.62,473.35
3/21/2016,776.83,333.94,470.98
3/22/2016,774.28,332.84,469.44
3/23/2016,758.02,325.85,459.58
3/24/2016,761.75,327.46,461.84
3/28/2016,759.15,326.34,460.26
3/29/2016,761.81,327.48,461.87
3/30/2016,763.9,328.38,463.14
3/31/2016,762.7,327.86,462.41
4/1/2016,752.13,323.32,456
4/4/2016,748.28,321.66,453.67
4/5/2016,742.49,319.17,450.16
4/6/2016,758.09,325.88,459.62
4/7/2016,753.44,323.88,456.8
4/8/2016,768.66,330.42,466.03
4/11/2016,765.61,329.11,464.17
4/12/2016,787.31,338.44,477.34
4/13/2016,790.61,339.85,479.3
4/14/2016,793.92,341.28,481.31
4/15/2016,783.94,336.98,475.25
4/18/2016,796.37,342.33,482.79
4/19/2016,811.36,348.77,491.88
4/20/2016,817.95,351.6,495.84
4/21/2016,813.93,349.87,493.4
4/22/2016,824.75,354.52,499.96
4/25/2016,815.83,350.69,494.56
4/26/2016,827.25,355.59,501.47
4/27/2016,841,361.5,509.79
4/28/2016,829.9,356.7,502.92
4/29/2016,829.06,356.34,502.42
5/2/2016,829.32,356.45,502.57
5/3/2016,810.77,348.48,491.33
5/4/2016,800.21,343.94,484.94
5/5/2016,806.17,346.5,488.53
5/6/2016,804.62,345.83,487.59
5/9/2016,794.61,341.53,481.52
5/10/2016,808.53,347.51,489.96
5/11/2016,809.64,347.71,489.3
5/12/2016,812.93,349.11,491.27
5/13/2016,802.81,344.77,485.15
5/16/2016,815.85,350.33,492.84
5/17/2016,818.97,351.51,493.96
5/18/2016,811.29,348.18,489.21
5/19/2016,813.32,349.06,490.43
5/20/2016,816.75,350.53,492.5
5/23/2016,814.9,349.71,491.28
5/24/2016,818.99,351.46,493.74
5/25/2016,831.34,356.77,501.19
5/26/2016,827.98,355.32,499.14
5/27/2016,828.96,355.66,499.38
5/31/2016,824.25,353.64,496.54
6/1/2016,825.51,354.18,497.3
6/2/2016,822.87,353.05,495.71
6/3/2016,820.54,352.05,494.31
6/6/2016,836.91,359.07,504.16
6/7/2016,854.79,366.74,514.93
6/8/2016,853.45,366.12,513.89
6/9/2016,849.15,364.27,511.3
6/10/2016,832.29,357.04,501.15
6/13/2016,829.77,355.96,499.63
6/14/2016,829.41,355.8,499.38
6/15/2016,826.63,354.61,497.71
6/16/2016,825.16,353.94,496.65
6/17/2016,832.08,356.91,500.82
6/20/2016,839.18,359.95,505.1
6/21/2016,848.06,363.76,510.44
6/22/2016,843.03,361.61,507.41
6/23/2016,857.04,367.61,515.84
6/24/2016,826.93,354.7,497.72
6/27/2016,805.91,345.68,485.07
6/28/2016,827.16,354.8,497.86
6/29/2016,843.89,361.97,507.93
6/30/2016,851.3,365.15,512.39
7/1/2016,855.29,366.86,514.79
7/5/2016,839.1,359.92,505.04
7/6/2016,843.75,361.92,507.85
7/7/2016,834.92,358.13,502.53
7/8/2016,845.69,362.75,509.01
7/11/2016,847.06,363.33,509.84
7/12/2016,866.16,371.53,521.33
7/13/2016,860.07,368.91,517.63
7/14/2016,863.59,370.42,519.75
7/15/2016,863.38,370.33,519.62
7/18/2016,862.89,370.12,519.33
7/19/2016,858.41,368.19,516.63
7/20/2016,857.02,367.59,515.76
7/21/2016,849.5,364.34,511.11
7/22/2016,852.32,365.55,512.82
7/25/2016,835.35,358.27,502.6
7/26/2016,838.75,359.73,504.65
7/27/2016,830.09,356.02,499.44
7/28/2016,828.9,355.48,498.63
7/29/2016,834.87,358.05,502.23
8/1/2016,807.07,346.12,485.5
8/2/2016,814.28,349.22,489.84
8/3/2016,828.62,355.37,498.47
8/4/2016,827.53,354.88,497.71
8/5/2016,834.51,357.87,501.92
8/8/2016,844.72,362.25,508.05
8/9/2016,840.7,360.5,505.52
8/10/2016,830.99,356.06,498.38
8/11/2016,841.87,360.71,504.87
8/12/2016,847.38,363.07,508.16
8/15/2016,852.49,365.24,511.14
8/16/2016,854.48,366.07,512.22
8/17/2016,857.55,367.22,513.29
8/18/2016,872.84,373.77,522.44
8/19/2016,865.68,370.7,518.15
8/22/2016,858.05,367.43,513.59
8/23/2016,861.82,369.05,515.85
8/24/2016,859.5,368.06,514.46
8/25/2016,856.99,366.98,512.96
8/26/2016,854.09,365.74,511.22
8/29/2016,859.81,368.19,514.62
8/30/2016,856.22,366.65,512.47
8/31/2016,844.49,361.62,505.45
9/1/2016,842.26,360.67,504.11
9/2/2016,849.88,363.86,508.35
9/6/2016,862.79,369.39,516.07
9/7/2016,866.11,370.75,517.78
9/8/2016,880.55,376.93,526.42
9/9/2016,855.9,366.38,511.68
9/12/2016,863.44,369.61,516.18
9/13/2016,838.75,359.04,501.41
9/14/2016,829.15,354.92,495.65
9/15/2016,838.25,358.81,501.07
9/16/2016,831.08,355.74,496.79
9/19/2016,830.08,355.32,496.19
9/20/2016,823.24,352.39,492.1
9/21/2016,840.69,359.86,502.53
9/22/2016,842.51,360.64,503.62
9/23/2016,831.89,356.09,497.27
9/26/2016,828.1,354.47,495
9/27/2016,824.27,352.83,492.72
9/28/2016,860.08,368.16,514.12
9/29/2016,859.35,367.84,513.68
9/30/2016,870.51,372.62,520.35
10/3/2016,869.14,372.04,519.53
10/4/2016,860.8,368.46,514.55
10/5/2016,872.91,373.65,521.79
10/6/2016,874.38,374.28,522.67
10/7/2016,870.39,372.57,520.28
10/10/2016,883.49,378.18,528.11
10/11/2016,873.2,373.77,521.96
10/12/2016,869.62,372.24,519.82
10/13/2016,864.14,369.86,516.39
10/14/2016,860.59,368.34,514.27
10/17/2016,856.79,366.72,512
10/18/2016,859.97,368.08,513.9
10/19/2016,871.73,373.1,520.89
10/20/2016,870.93,372.76,520.41
10/21/2016,864.94,370.2,516.84
10/24/2016,863.56,369.61,516.01
10/25/2016,859.02,367.66,513.29
10/26/2016,861.45,368.7,514.75
10/27/2016,858.7,367.51,513.05
10/28/2016,855.03,365.92,510.77
10/31/2016,845.18,361.71,504.89
11/1/2016,845.99,362.06,505.37
11/2/2016,837.44,358.4,500.26
11/3/2016,840.6,359.74,502.11
11/4/2016,836.53,358,499.68
11/7/2016,854.79,365.81,510.58
11/8/2016,856.87,366.42,510.49
11/9/2016,869.89,371.98,518.23
11/10/2016,872.58,373.13,519.83
11/11/2016,858.1,366.94,511.21
11/14/2016,861.26,368.27,513
11/15/2016,884.55,378.21,526.77
11/16/2016,878.12,375.29,522.16
11/17/2016,872.19,372.75,518.63
11/18/2016,876.37,374.52,521.02
11/21/2016,895.65,382.76,532.48
11/22/2016,895.53,382.71,532.41
11/23/2016,899.54,384.42,534.79
11/25/2016,896.01,382.91,532.69
11/28/2016,884.31,377.91,525.71
11/29/2016,874.09,373.54,519.64
11/30/2016,916.22,391.54,544.67
12/1/2016,918.7,392.6,546.15
12/2/2016,919.69,393.03,546.74
12/5/2016,926.86,396.02,550.67
12/6/2016,925.91,395.61,550.11
12/7/2016,932.55,398.39,553.78
12/8/2016,936.99,400.29,556.42
12/9/2016,940.85,401.94,558.71
12/12/2016,947.64,404.83,562.73
12/13/2016,959.65,409.96,569.85
12/14/2016,939.27,401.25,557.75
12/15/2016,943.16,402.91,560.03
12/16/2016,948.46,405.18,563.18
12/19/2016,943.81,403.19,560.42
12/20/2016,941.82,402.34,559.24
12/21/2016,943.36,403,560.15
12/22/2016,947.62,404.82,562.68
12/23/2016,945.72,404.01,561.56
12/27/2016,947.95,404.96,562.88
12/28/2016,938.69,401,557.38
12/29/2016,936.41,400.03,556.03
12/30/2016,933.84,398.93,554.5
1/3/2017,944.63,403.54,560.9
1/4/2017,941.92,402.38,559.3
1/5/2017,938.87,401.08,557.48
1/6/2017,939.01,401.14,557.57
1/9/2017,925.14,395.22,549.33
1/10/2017,916.34,391.45,544.11
1/11/2017,927.36,396.17,550.65
1/12/2017,922.95,394.27,548
1/13/2017,921.2,393.53,546.96
1/17/2017,926.98,395.99,550.39
1/18/2017,923.92,394.68,548.53
1/19/2017,917.2,391.81,544.55
1/20/2017,922.03,393.87,547.41
1/23/2017,911.71,389.46,541.29
1/24/2017,920.69,393.3,546.61
1/25/2017,925.85,395.5,549.68
1/26/2017,925.81,395.47,549.61
1/27/2017,917.08,391.74,544.42
1/30/2017,901.13,384.91,534.86
1/31/2017,900.25,384.54,534.34
2/1/2017,893.49,381.65,530.33
2/2/2017,898.82,383.92,533.45
2/3/2017,906.56,387.22,538.04
2/6/2017,898.52,383.79,533.27
2/7/2017,886.18,378.52,525.95
2/8/2017,887.53,378.84,525.58
2/9/2017,895.85,382.38,530.46
2/10/2017,902.76,385.3,534.42
2/13/2017,903.89,385.67,534.57
2/14/2017,906.45,386.58,535.25
2/15/2017,903.25,385.22,533.36
2/16/2017,891.09,380.01,526.07
2/17/2017,886.4,378.01,523.3
2/21/2017,892.45,380.59,526.88
2/22/2017,878.34,374.58,518.55
2/23/2017,882.79,376.47,521.17
2/24/2017,874.96,373.13,516.53
2/27/2017,882.65,376.4,521.01
2/28/2017,880.5,375.48,519.74
3/1/2017,898.57,383.18,530.4
3/2/2017,890.93,379.93,525.9
3/3/2017,887.7,378.55,523.98
3/6/2017,890.33,379.67,525.53
3/7/2017,882.29,376.24,520.78
3/8/2017,860.39,366.83,507.54
3/9/2017,865.48,369,510.54
3/10/2017,864.81,368.71,510.15
3/13/2017,865.25,368.89,510.37
3/14/2017,855.7,364.82,504.73
3/15/2017,873.51,372.41,515.23
3/16/2017,868.44,370.25,512.24
3/17/2017,867.72,369.95,511.82
3/20/2017,866.64,369.49,511.18
3/21/2017,860.54,366.89,507.58
3/22/2017,859.63,366.5,507.05
3/23/2017,856.57,365.19,505.24
3/24/2017,852.65,363.52,502.92
3/27/2017,849.17,362.04,500.87
3/28/2017,860.1,366.7,507.32
3/29/2017,870.59,371.17,513.51
3/30/2017,874.69,372.92,515.92
3/31/2017,871.45,371.53,514.01
4/3/2017,869.94,370.89,513.13
4/4/2017,876.13,373.53,516.78
4/5/2017,873.19,372.28,515.04
4/6/2017,880.14,375.24,519.14
4/7/2017,876.74,373.79,517.13
4/10/2017,883.51,376.68,521.12
4/11/2017,882.82,376.37,520.68
4/12/2017,879.81,375.09,518.9
4/13/2017,863.69,368.22,509.4
4/17/2017,865.35,368.92,510.38
4/18/2017,857.83,365.72,505.94
4/19/2017,845.64,360.52,498.72
4/20/2017,848.95,361.92,500.67
4/21/2017,845.32,360.38,498.53
4/24/2017,849.9,362.33,501.23
4/25/2017,857.88,365.73,505.94
4/26/2017,854.44,364.27,503.91
4/27/2017,845.19,360.29,498.31
4/28/2017,846.27,360.75,498.95
5/1/2017,844.39,359.95,497.84
5/2/2017,840.2,358.17,495.37
5/3/2017,842.95,359.34,496.99
5/4/2017,827.01,352.53,487.54
5/5/2017,840.43,358.25,495.45
5/8/2017,846.35,360.78,498.95
5/9/2017,839.1,357.69,494.67
5/10/2017,850.12,362.12,499.94
5/11/2017,848.68,361.47,498.94
5/12/2017,845.97,360.32,497.35
5/15/2017,851.62,362.68,500.45
5/16/2017,848.06,361.13,498.24
5/17/2017,839.92,357.48,492.61
5/18/2017,838.96,357.07,492.05
5/19/2017,849.36,361.5,498.15
5/22/2017,847.92,360.89,497.31
5/23/2017,849.33,361.49,498.13
5/24/2017,845.62,359.91,495.96
5/25/2017,830.5,353.47,487.09
5/26/2017,831.18,353.77,487.49
5/30/2017,820.77,349.28,481.11
5/31/2017,817.49,347.88,479.19
6/1/2017,822.91,350.19,482.37
6/2/2017,813.19,346.05,476.67
6/5/2017,814.63,346.65,477.46
6/6/2017,824.43,350.82,483.2
6/7/2017,812.78,345.79,476.05
6/8/2017,810.53,344.83,474.73
6/9/2017,830.61,353.38,486.49
6/12/2017,836.21,355.76,489.77
6/13/2017,841.79,358.13,493.02
6/14/2017,826.44,351.59,483.99
6/15/2017,820.81,349.2,480.7
6/16/2017,834.89,355.19,488.95
6/19/2017,829.18,352.76,485.6
6/20/2017,818.85,348.36,479.55
6/21/2017,805.75,342.79,471.88
6/22/2017,804.73,342.36,471.28
6/23/2017,810.78,344.93,474.83
6/26/2017,808.85,344.11,473.69
6/27/2017,807.46,343.52,472.88
6/28/2017,812.06,345.47,475.57
6/29/2017,813.06,345.9,476.16
6/30/2017,816.04,347.17,477.91
7/3/2017,832.41,354.13,487.49
7/5/2017,815.64,347,477.67
7/6/2017,806.64,343.17,472.4
7/7/2017,805.87,342.84,471.95
7/10/2017,808.01,343.75,473.2
7/11/2017,812.25,345.56,475.69
7/12/2017,814.66,346.58,477.09
7/13/2017,818.29,348.12,479.19
7/14/2017,822.71,350,481.78
7/17/2017,821.6,349.53,481.13
7/18/2017,817.6,347.82,478.78
7/19/2017,829.07,352.69,485.46
7/20/2017,826.32,351.5,483.72
7/21/2017,819.01,348.39,479.45
7/24/2017,816.59,347.36,478.03
7/25/2017,826.91,351.75,484.07
7/26/2017,827.74,352.1,484.56
7/27/2017,836.14,355.65,489.38
7/28/2017,834.54,354.97,488.44
7/31/2017,836.45,355.79,489.57
8/1/2017,836.97,356.01,489.87
8/2/2017,834.35,354.89,488.33
8/3/2017,823.35,350.19,481.77
8/4/2017,826.21,351.4,483.44
8/7/2017,819.29,348.43,479.27
8/8/2017,818.27,348,478.67
8/9/2017,819.28,348.42,479.23
8/10/2017,810.47,344.4,472.82
8/11/2017,804.86,342.02,469.55
8/14/2017,802.88,341.15,468.29
8/15/2017,799.71,339.81,466.44
8/16/2017,792.29,336.45,461.18
8/17/2017,780.85,331.59,454.52
8/18/2017,785.26,333.46,457.09
8/21/2017,780.93,331.62,454.57
8/22/2017,786.35,333.92,457.72
8/23/2017,789.35,335.2,459.47
8/24/2017,789.22,335.14,459.39
8/25/2017,793.32,336.89,461.78
8/28/2017,789.6,335.31,459.61
8/29/2017,788.71,334.92,459.06
8/30/2017,788.96,335.03,459.21
8/31/2017,793.09,336.78,461.61
9/1/2017,800.09,339.68,465.36
9/5/2017,804.6,341.6,467.98
9/6/2017,817.79,347.19,475.65
9/7/2017,819.37,347.85,476.48
9/8/2017,811.09,344.28,471.43
9/11/2017,819.34,347.79,476.23
9/12/2017,823.6,349.59,478.7
9/13/2017,833.81,353.92,484.63
9/14/2017,837.06,355.3,486.5
9/15/2017,839.27,356.23,487.76
9/18/2017,842.95,357.79,489.89
9/19/2017,846.1,359.13,491.73
9/20/2017,851.93,361.6,495.11
9/21/2017,851.35,361.36,494.78
9/22/2017,855.88,363.28,497.41
9/25/2017,868.49,368.63,504.74
9/26/2017,866.81,367.92,503.77
9/27/2017,870.95,369.68,506.17
9/28/2017,872.26,370.23,506.93
9/29/2017,871.89,370.08,506.72
10/2/2017,871.74,370.01,506.63
10/3/2017,871.03,369.71,506.21
10/4/2017,870.48,369.48,505.89
10/5/2017,874.01,370.97,507.94
10/6/2017,866.87,367.94,503.79
10/9/2017,869.03,368.86,505.05
10/10/2017,869.92,369.24,505.57
10/11/2017,872,370.12,506.78
10/12/2017,868.73,368.73,504.87
10/13/2017,868.31,368.53,504.51
10/16/2017,870.27,369.35,505.61
10/17/2017,870.99,369.66,506.03
10/18/2017,864.92,367.08,502.5
10/19/2017,862.21,365.93,500.93
10/20/2017,864.57,366.92,502.26
10/23/2017,859.51,364.78,499.32
10/24/2017,861.82,365.76,500.67
10/25/2017,855.95,363.27,497.25
10/26/2017,858.02,364.15,498.46
10/27/2017,859.74,364.87,499.45
10/30/2017,863,366.24,501.26
10/31/2017,866.13,367.57,503.07
11/1/2017,875.54,371.56,508.54
11/2/2017,872.83,370.41,506.96
11/3/2017,875.13,371.35,508.14
11/6/2017,894.39,379.53,519.33
11/7/2017,892.83,378.86,518.41
11/8/2017,889.27,377.35,516.35
11/9/2017,891.85,378.44,517.84
11/10/2017,886.88,376.05,513.67
11/13/2017,882.06,374.01,510.88
11/14/2017,868.49,368.25,503
11/15/2017,858.43,363.97,497.09
11/16/2017,854.99,362.31,494.2
11/17/2017,858.66,363.87,496.33
11/20/2017,857.14,363.19,495.3
11/21/2017,859.06,364.01,496.41
11/22/2017,862.82,365.6,498.58
11/24/2017,865.16,366.59,499.94
11/27/2017,856.27,362.82,494.8
11/28/2017,863.31,365.81,498.87
11/29/2017,867.93,367.76,501.51
11/30/2017,881.39,373.46,509.28
12/1/2017,888.4,376.43,513.33
12/4/2017,888.13,376.32,513.18
12/5/2017,883.88,374.46,510.46
12/6/2017,872.61,369.67,503.88
12/7/2017,875.52,370.88,505.47
12/8/2017,883.37,374.16,509.77
12/11/2017,889.66,376.82,513.4
12/12/2017,886.8,375.61,511.74
12/13/2017,885.59,375.09,511.04
12/14/2017,882.74,373.88,509.38
12/15/2017,882.54,373.79,509.24
12/18/2017,888.64,376.38,512.76
12/19/2017,889.61,376.79,513.32
12/20/2017,901.85,381.97,520.38
12/21/2017,920.62,389.92,531.21
12/22/2017,922.61,390.76,532.36
12/26/2017,930.21,393.98,536.75
12/27/2017,927.24,392.72,535.03
12/28/2017,928.08,393.08,535.52
12/29/2017,924.42,391.53,533.41
1/2/2018,940.92,398.52,542.93
1/3/2018,955.29,404.61,551.22
1/4/2018,960.99,407.02,554.51
1/5/2018,960.82,406.95,554.41
1/8/2018,966.43,409.32,557.64
1/9/2018,963.35,408.02,555.87
1/10/2018,962.39,407.61,555.32
1/11/2018,981.88,415.87,566.56
1/12/2018,991.35,419.88,572.02
1/16/2018,979.17,414.71,564.96
1/17/2018,987.52,418.25,569.78
1/18/2018,979.66,414.92,565.24
1/19/2018,978.71,414.51,564.66
1/22/2018,999.26,423.21,576.52
1/23/2018,997.75,422.57,575.64
1/24/2018,995.28,421.52,574.21
1/25/2018,987.57,418.26,569.76
1/26/2018,993.81,420.87,573.24
1/29/2018,978.43,414.36,564.37
1/30/2018,958.84,406.04,552.97
1/31/2018,959.67,406.4,553.45
2/1/2018,970.23,410.87,559.54
2/2/2018,930.2,393.91,536.43
2/5/2018,889.7,376.76,513.07
2/6/2018,896.13,379.42,516.52
2/7/2018,881.19,373.1,507.9
2/8/2018,854.95,361.99,492.78
2/9/2018,854.43,361.45,491.04
2/12/2018,868.76,367.49,499.15
2/13/2018,864.88,365.84,496.92
2/14/2018,877.02,370.98,503.89
2/15/2018,874.74,369.83,501.76
2/16/2018,872.78,368.98,500.52
2/20/2018,868.02,366.94,497.69
2/21/2018,853.64,360.86,489.44
2/22/2018,862.86,364.76,494.73
2/23/2018,881.81,372.77,505.59
2/26/2018,887.6,375.22,508.91
2/27/2018,875.85,370.25,502.15
2/28/2018,855.83,361.78,490.67
3/1/2018,854.45,361.2,489.87
3/2/2018,857.92,362.66,491.86
3/5/2018,867.06,366.53,497.11
3/6/2018,867.53,366.72,497.31
3/7/2018,860.32,363.67,493.18
3/8/2018,859.9,363.41,492.6
3/9/2018,876.61,370.48,502.18
3/12/2018,876.1,370.26,501.89
3/13/2018,869.89,367.62,498.27
3/14/2018,864.26,365.25,495.04
3/15/2018,860.64,363.71,492.95
3/16/2018,869.36,367.39,497.93
3/19/2018,854.69,361.19,489.5
3/20/2018,861.86,364.22,493.61
3/21/2018,884.52,373.79,506.58
3/22/2018,866.51,366.18,496.27
3/23/2018,861.34,364,493.31
3/26/2018,876.63,370.46,502.07
3/27/2018,868.96,367.22,497.67
3/28/2018,851.7,359.92,487.78
3/29/2018,870.06,367.68,498.29
4/2/2018,852.7,360.34,488.35
4/3/2018,870.92,368.04,498.79
4/4/2018,869.73,367.54,498.1
4/5/2018,885.5,374.21,507.14
4/6/2018,869.19,367.31,497.8
4/9/2018,873.26,369.03,500.13
4/10/2018,902.25,381.28,516.73
4/11/2018,911.65,385.26,522.11
4/12/2018,911.59,385.23,522.08
4/13/2018,921.57,389.44,527.75
4/16/2018,930.92,393.39,533.1
4/17/2018,934.62,394.95,535.23
4/18/2018,949.07,401.06,543.5
4/19/2018,950.4,401.62,544.26
4/20/2018,945.6,399.59,541.48
4/23/2018,951.38,402.03,544.78
4/24/2018,941.16,397.71,538.93
4/25/2018,948.82,400.94,543.32
4/26/2018,963.09,406.98,551.49
4/27/2018,951.84,402.16,544.78
4/30/2018,951.46,402,544.56
5/1/2018,946.19,399.78,541.54
5/2/2018,949.92,401.35,543.68
5/3/2018,947.71,400.42,542.41
5/4/2018,952,402.22,544.84
5/7/2018,953.74,402.96,545.84
5/8/2018,961.18,406.1,550.1
5/9/2018,980.73,414.36,561.29
5/10/2018,988.74,417.74,565.87
5/11/2018,990.28,418.07,565.28
5/14/2018,996.54,420.71,568.85
5/15/2018,996.87,420.83,568.92
5/16/2018,1000.77,422.45,571.02
5/17/2018,1015.41,428.43,578.51
5/18/2018,1007.46,425.05,573.85
5/21/2018,1017.28,429.18,579.4
5/22/2018,1004.28,423.7,571.99
5/23/2018,1004.26,423.69,571.98
5/24/2018,987.51,416.62,562.44
5/25/2018,961.76,405.76,547.77
5/29/2018,958.67,404.45,546.01
,,,
,,,
,,,
,,,
,,,
,,,
,,,
,,,
,,,
,,,
